npi,display_name,owner_name,city,state,zip,phone,cms_org_name,cms_phone,address_matches,phone_matches,primary_taxonomy_desc,zip_diabetes_pct,zip_obesity_pct,zip_pct_65_plus,zip_median_income,zip_population,hpsa_designated,hpsa_score,state_glp1_claims_per_pharmacy,state_glp1_cost_per_pharmacy
1558444026,"BLACK DIAMOND PHARMACY, LLC",DAVID DUNSON,NORTHFORK,WV,24868,3048622105,"BLACK DIAMOND PHARMACY, LLC",3048622105,True,True,"Pharmacy, Community/Retail Pharmacy",25.9,49.0,40.6,22060,1070,1,23,624.4,753242.0
1932815149,RIGHT WAY DRUG INC.,HUNTER TESTERMAN,WAR,WV,24892,3044363784,RIGHT WAY DRUG INC.,3044363784,True,True,"Pharmacy, Community/Retail Pharmacy",21.5,47.0,10.8,21349,1636,1,23,624.4,753242.0
1285751586,MCDOWELL PHARMACY INC,ROBERT BROWN,WAR,WV,24892,3048752291,MCDOWELL PHARMACY INC,3048752291,True,True,"Pharmacy, Community/Retail Pharmacy",21.5,47.0,10.8,21349,1636,1,23,624.4,753242.0
1366062671,APPALACHIAN RX LLC,MATTHEW CARPENTER,WEBSTER SPRINGS,WV,26288,3046192401,APPALACHIAN RX LLC,3046192401,True,True,"Pharmacy, Community/Retail Pharmacy",19.8,42.7,30.1,37348,2958,1,23,624.4,753242.0
1518955103,HIGHLANDER PHARMACY INC.,JEFFREY KESECKER,WEBSTER SPRINGS,WV,26288,3048475151,HIGHLANDER PHARMACY INC.,3048475151,True,True,"Pharmacy, Community/Retail Pharmacy",19.8,42.7,30.1,37348,2958,1,23,624.4,753242.0
1598528564,"LINCOLN COUNTY PRIMARY CARE CENTER, INC",LETITIA WEAVER-SCITES,BRANCHLAND,WV,25506,6815007277,"LINCOLN COUNTY PRIMARY CARE CENTER, INC",6815007277,True,True,"Pharmacy, Community/Retail Pharmacy",18.7,46.5,22.8,45080,5690,1,23,624.4,753242.0
1326145160,SOUTHSIDE PROF PHARMACY INC,SUSIE STAUFFER,BLUEFIELD,WV,24701,3043275600,SOUTHSIDE PROF PHARMACY INC,3043275600,True,True,"Pharmacy, Community/Retail Pharmacy",18.2,42.0,25.3,44188,17943,1,23,624.4,753242.0
1457232399,BLUESTONE PINNACLE PHARMACY,SUSAN PLUMLEY,BLUEWELL,WV,24701,3044096510,BLUESTONE PINNACLE PHARMACY,3044096510,True,True,"Pharmacy, Community/Retail Pharmacy",18.2,42.0,25.3,44188,17943,1,23,624.4,753242.0
1457361313,"TURNER INVESTMENTS, INC.",DONNIE TURNER,BLUEFIELD,WV,24701,3043277727,"TURNER INVESTMENTS, INC.",3043277727,True,True,"Pharmacy, Community/Retail Pharmacy",18.2,42.0,25.3,44188,17943,1,23,624.4,753242.0
1972523629,BLUEWELLS FAMILY PHARMACY INC,HAROLD WELLS,BLUEFIELD,WV,24701,3045897788,BLUEWELLS FAMILY PHARMACY INC,3045897788,True,True,"Pharmacy, Community/Retail Pharmacy",18.2,42.0,25.3,44188,17943,1,23,624.4,753242.0
1417054255,GOODYKOONTZ DRUG STORES INC,JERRY BOVENIZER,BLUEFIELD,WV,24701,3043257121,GOODYKOONTZ DRUG STORES INC,3043257121,True,True,"Pharmacy, Community/Retail Pharmacy",18.2,42.0,25.3,44188,17943,1,23,624.4,753242.0
1801239017,BLUEFIELD HOMETOWN PHARMACY,PAULA KING,BLUEFIELD,WV,24701,3043256600,BLUEFIELD HOMETOWN PHARMACY,3043256600,True,True,"Pharmacy, Community/Retail Pharmacy",18.2,42.0,25.3,44188,17943,1,23,624.4,753242.0
1205131828,ROSS DRUG INC,ANIL KARNATI,WEST HAMLIN,WV,25571,3048244000,ROSS DRUG INC,3048244000,True,True,"Pharmacy, Community/Retail Pharmacy",18.2,45.2,15.8,53512,1874,1,23,624.4,753242.0
1578204392,"VALLEY HEALTH SYSTEMS, INC",ASHLEY HOUVOURAS,HARTS,WV,25524,3047815021,"VALLEY HEALTH SYSTEMS, INC",3047815021,True,True,"Pharmacy, Community/Retail Pharmacy",17.6,46.3,26.8,39976,2373,1,23,624.4,753242.0
1811156417,HARTS PHARMACY INC,VIRGIL MERRITT,HARTS,WV,25524,3048555616,HARTS PHARMACY INC,3048555616,True,True,"Pharmacy, Community/Retail Pharmacy",17.6,46.3,26.8,39976,2373,1,23,624.4,753242.0
1609683218,BLUESTONE HEALTH CENTER PHARMACY,SUSAN PLUMLEY,PRINCETON,WV,24740,3044315499,BLUESTONE HEALTH CENTER PHARMACY,3044315499,True,True,"Pharmacy, Community/Retail Pharmacy",17.3,41.1,22.0,46272,16559,1,23,624.4,753242.0
1689409567,COMMUNITY HEALTH SYSTEMS INC,ROBERT BUTCHER,PRINCETON,WV,24740,3042528324,COMMUNITY HEALTH SYSTEMS INC,3042528324,True,True,Pharmacy,17.3,41.1,22.0,46272,16559,1,23,624.4,753242.0
1154439024,FOUR SEASONS PHARMACY INC,JASON PRITCHETT,PRINCETON,WV,24740,3044870015,FOUR SEASONS PHARMACY INC,3044870015,True,True,"Pharmacy, Community/Retail Pharmacy",17.3,41.1,22.0,46272,16559,1,23,624.4,753242.0
1194764167,HICKMANS PRESCRIPTION DRUGGIST INC,JOHN HICKMAN,PRINCETON,WV,24740,3044252188,HICKMANS PRESCRIPTION DRUGGIST INC,3044252188,True,True,"Pharmacy, Community/Retail Pharmacy",17.3,41.1,22.0,46272,16559,1,23,624.4,753242.0
1093757619,HICKMANS PRESCRIPTION DRUGGIST INC,JOHN HICKMAN,PRINCETON,WV,24740,3044251077,HICKMANS PRESCRIPTION DRUGGIST INC,3044251077,True,True,"Pharmacy, Community/Retail Pharmacy",17.3,41.1,22.0,46272,16559,1,23,624.4,753242.0
1629175559,CLINIC PHARMACY OF PRINCETON INC,THOMAS BAY,PRINCETON,WV,24740,3044259591,CLINIC PHARMACY OF PRINCETON INC,3044259591,True,True,"Pharmacy, Community/Retail Pharmacy",17.3,41.1,22.0,46272,16559,1,23,624.4,753242.0
1770589681,LINCOLN COUNTY PRIMARY CARE CENTER INC,LISA LEACH,HAMLIN,WV,25523,3048242667,LINCOLN COUNTY PRIMARY CARE CENTER INC,3048242667,True,True,"Pharmacy, Community/Retail Pharmacy",17.3,43.5,19.0,58056,2704,1,23,624.4,753242.0
1831163906,LINCOLN COUNTY PRIMARY CARE CENTER INC,LISA LEACH,HAMLIN,WV,25523,3048246337,LINCOLN COUNTY PRIMARY CARE CENTER INC,3048246337,True,True,"Pharmacy, Community/Retail Pharmacy",17.3,43.5,19.0,58056,2704,1,23,624.4,753242.0
1285177592,SMVG INC,ANIL KARNATI,HAMLIN,WV,25523,3048244500,SMVG INC,3048244500,True,True,"Pharmacy, Community/Retail Pharmacy",17.3,43.5,19.0,58056,2704,1,23,624.4,753242.0
1114219474,CHIPRX LLC,GEORGE CHAPMAN,HAMLIN,WV,25523,3048243784,CHIPRX LLC,3048243784,True,True,"Pharmacy, Community/Retail Pharmacy",17.3,43.5,19.0,58056,2704,1,23,624.4,753242.0
1588833115,COMMUNITY HEALTH SYSTEMS INC,ROBERT BUTCHER,LOCHGELLY,WV,25866,3044610068,COMMUNITY HEALTH SYSTEMS INC,3044610068,True,True,"Pharmacy, Community/Retail Pharmacy",18.1,41.0,20.7,66042,343,1,22,624.4,753242.0
1982233235,"NEW RIVER HEALTH ASSOCIATION, INC.",MARISSA JOHNSON,SMITHERS,WV,25186,3045743991,"NEW RIVER HEALTH ASSOCIATION, INC.",3045743991,True,True,"Pharmacy, Community/Retail Pharmacy",17.8,39.8,37.7,33650,925,1,22,624.4,753242.0
1508339482,SMITHERS FAMILY PHARMACY,EARL BENNETT,SMITHERS,WV,25186,3049812323,SMITHERS FAMILY PHARMACY,3049812323,True,True,"Pharmacy, Community/Retail Pharmacy",17.8,39.8,37.7,33650,925,1,22,624.4,753242.0
1922764125,NEW RIVER HEALTH ASSOCIATION INC,MARISSA JOHNSON,OAK HILL,WV,25901,3044692905,NEW RIVER HEALTH ASSOCIATION INC,3044692905,True,True,"Pharmacy, Community/Retail Pharmacy",17.5,40.8,19.7,51402,10225,1,22,624.4,753242.0
1366080699,FREEDOM PHARMACY,SYREETA GREEN,OAK HILL,WV,25901,3044659870,FREEDOM PHARMACY,3044659870,True,True,"Pharmacy, Community/Retail Pharmacy",17.5,40.8,19.7,51402,10225,1,22,624.4,753242.0
1679824031,OAK HILL HOMETOWN PHARMACY INCORPORATED,MARTIN NJOKU,OAK HILL,WV,25901,3044650222,OAK HILL HOMETOWN PHARMACY INCORPORATED,3044650222,True,True,"Pharmacy, Community/Retail Pharmacy",17.5,40.8,19.7,51402,10225,1,22,624.4,753242.0
1568512887,WOODS PHARMACY INC,SUSAN WOODS,OAK HILL,WV,25901,3044692923,WOODS PHARMACY INC,3044692923,True,True,"Pharmacy, Community/Retail Pharmacy",17.5,40.8,19.7,51402,10225,1,22,624.4,753242.0
1598210338,"NEW RIVER HEALTH ASSOCIATION, INC.",JOHN SCHULTZ,FAYETTEVILLE,WV,25840,3045743991,"NEW RIVER HEALTH ASSOCIATION, INC.",3045743991,True,True,"Pharmacy, Community/Retail Pharmacy",16.6,39.8,21.2,59825,7917,1,22,624.4,753242.0
1568537140,ZIMM PHARMACY INC,MICHAEL ZIMM,FAYETTEVILLE,WV,25840,3045744100,ZIMM PHARMACY INC,3045744100,True,True,"Pharmacy, Community/Retail Pharmacy",16.6,39.8,21.2,59825,7917,1,22,624.4,753242.0
1760601850,PRESTON TAYLOR COMMUNITY HEALTH CENTERS INC,JUNE GRIFFITH,GRAFTON,WV,26354,3042657400,PRESTON TAYLOR COMMUNITY HEALTH CENTERS INC,3042657400,True,True,"Pharmacy, Community/Retail Pharmacy",16.4,42.9,21.8,55250,10101,1,22,624.4,753242.0
1881257889,"PRESTON TAYLOR COMMUNITY HEALTH CENTERS, INCORPORATED",BEVERLY SNYDER,GRAFTON,WV,26354,3042657400,"PRESTON TAYLOR COMMUNITY HEALTH CENTERS, INCORPORATED",3042657400,True,True,"Pharmacy, Community/Retail Pharmacy",16.4,42.9,21.8,55250,10101,1,22,624.4,753242.0
1700194578,BROADWAY CLINIC PHARMACY INC,STEVE WILLIAMS,KERMIT,WV,25674,3043936905,BROADWAY CLINIC PHARMACY INC,3043936905,True,True,"Pharmacy, Community/Retail Pharmacy",22.0,46.4,21.9,31129,2056,1,21,624.4,753242.0
1043589062,BROADWAY CLINIC PHARMACY INC,STEVE WILLIAMS,KERMIT,WV,25674,3043933386,BROADWAY CLINIC PHARMACY INC,3043933386,True,True,"Pharmacy, Community/Retail Pharmacy",22.0,46.4,21.9,31129,2056,1,21,624.4,753242.0
1659143212,MOUNT GAY PHARMACY INC,TERRI DOSS,MOUNT GAY,WV,25637,3048960015,MOUNT GAY PHARMACY INC,3048960015,True,True,"Pharmacy, Community/Retail Pharmacy",20.9,47.9,33.1,51667,1234,1,21,624.4,753242.0
1194289934,BP6 LLC,SIDDARTHAN ILANGOVAN,MOUNT GAY,WV,25637,3047521445,BP6 LLC,3047521445,True,True,"Pharmacy, Community/Retail Pharmacy",20.9,47.9,33.1,51667,1234,1,21,624.4,753242.0
1467341578,WILLIAMSON HEALTH & WELLNESS CENTER INC,ERIC BLAKE,WILLIAMSON,WV,25661,3042365902,WILLIAMSON HEALTH & WELLNESS CENTER INC,3042365902,True,True,"Pharmacy, Community/Retail Pharmacy",20.9,44.4,21.9,29355,4485,1,21,624.4,753242.0
1750441960,HURLEY DRUG CO INC,NICOLE MCNAMEE,WILLIAMSON,WV,25661,3042353535,HURLEY DRUG CO INC,3042353535,True,True,"Pharmacy, Community/Retail Pharmacy",20.9,44.4,21.9,29355,4485,1,21,624.4,753242.0
1710332135,JCL MANAGEMENT AND CONSULTING LLC,JOSEPH LEE,WILLIAMSON,WV,25661,3042358080,JCL MANAGEMENT AND CONSULTING LLC,3042358080,True,True,"Pharmacy, Community/Retail Pharmacy",20.9,44.4,21.9,29355,4485,1,21,624.4,753242.0
1336339704,TUG VALLEY PHARMACY LLC,SAMUEL BALLENGEE,WILLIAMSON,WV,25661,3042358080,TUG VALLEY PHARMACY LLC,3042358080,True,True,"Pharmacy, Community/Retail Pharmacy",20.9,44.4,21.9,29355,4485,1,21,624.4,753242.0
1033084124,LINCOLN COUNTY PRIMARY CARE CENTER INC,LETITIA WEAVER-SCITES,DELBARTON,WV,25670,3044751761,LINCOLN COUNTY PRIMARY CARE CENTER INC,3044751761,True,True,"Pharmacy, Community/Retail Pharmacy",20.2,44.3,26.4,36125,3312,1,21,624.4,753242.0
1679802466,PHARMACY CARE INC,RHONDA ROSE,PINEVILLE,WV,24874,3047329011,PHARMACY CARE INC,3047329011,True,True,"Pharmacy, Community/Retail Pharmacy",19.1,45.6,32.2,49284,1949,1,21,624.4,753242.0
1003909227,CHARLIES PHARMACY INC,EVA BURNS,PINEVILLE,WV,24874,3047326969,CHARLIES PHARMACY INC,3047326969,True,True,"Pharmacy, Community/Retail Pharmacy",19.1,45.6,32.2,49284,1949,1,21,624.4,753242.0
1073544987,PHARMACARE LLC,RHONDA ROSE,PINEVILLE,WV,24874,3047329011,PHARMACARE LLC,3047329011,True,True,"Pharmacy, Community/Retail Pharmacy",19.1,45.6,32.2,49284,1949,1,21,624.4,753242.0
1346686169,CLAY FAMILY PHARMACY LLC,BRANDON KEIPER,CLAY,WV,25043,3045872123,CLAY FAMILY PHARMACY LLC,3045872123,True,True,"Pharmacy, Community/Retail Pharmacy",18.9,42.1,11.7,-666666666,1446,1,21,624.4,753242.0
1427380633,COMMUNITY CARE OF WEST VIRGINIA,CONNIE JOHNSTON,CLAY,WV,25043,3045874555,COMMUNITY CARE OF WEST VIRGINIA,3045874555,True,True,"Pharmacy, Community/Retail Pharmacy",18.9,42.1,11.7,-666666666,1446,1,21,624.4,753242.0
1154491967,CLAY SUPERMARKET INC,DREAMA CLIFTON,CLAY,WV,25043,3045877327,CLAY SUPERMARKET INC,3045877327,True,True,"Pharmacy, Community/Retail Pharmacy",18.9,42.1,11.7,-666666666,1446,1,21,624.4,753242.0
1326861170,SAINT MARY LLC,YOUSEF AGAYBI,LOGAN,WV,25601,3048962127,SAINT MARY LLC,3048962127,True,True,"Pharmacy, Community/Retail Pharmacy",18.8,45.8,23.6,47010,5007,1,21,624.4,753242.0
1831863448,HTRX LLC,TERRI DOSS,LOGAN,WV,25601,3047520082,HTRX LLC,3047520082,True,True,"Pharmacy, Community/Retail Pharmacy",18.8,45.8,23.6,47010,5007,1,21,624.4,753242.0
1275002339,HOMETOWN HEALTH INVESTMENTS INC,ED THORNHILL,LOGAN,WV,25601,3047520082,HOMETOWN HEALTH INVESTMENTS INC,3047520082,True,True,"Pharmacy, Community/Retail Pharmacy",18.8,45.8,23.6,47010,5007,1,21,624.4,753242.0
1528361466,"HEALTH CARE MANAGEMENT, LLC",JAMES COOKE,LOGAN,WV,25601,3047525200,"HEALTH CARE MANAGEMENT, LLC",3047525200,True,True,"Pharmacy, Community/Retail Pharmacy",18.8,45.8,23.6,47010,5007,1,21,624.4,753242.0
1548025737,"CAREWELL PHARMACY, LLC",COURTNEY RIFFE,GILBERT,WV,25621,3046648883,"CAREWELL PHARMACY, LLC",3046648883,True,True,"Pharmacy, Community/Retail Pharmacy",18.3,41.2,34.1,54750,1675,1,21,624.4,753242.0
1467925487,LINCOLN COUNTY PRIMARY CARE CENTER INC,LETITIA WEAVER,GILBERT,WV,25621,3046641147,LINCOLN COUNTY PRIMARY CARE CENTER INC,3046641147,True,True,"Pharmacy, Community/Retail Pharmacy",18.3,41.2,34.1,54750,1675,1,21,624.4,753242.0
1831999804,RIVERSIDE PHARMACY 2 LLC,SAMUEL BALLENGEE,GILBERT,WV,25621,3046643343,RIVERSIDE PHARMACY 2 LLC,3046643343,True,True,"Pharmacy, Community/Retail Pharmacy",18.3,41.2,34.1,54750,1675,1,21,624.4,753242.0
1720206774,RIVERSIDE PHARMACY INC,CAMERON HATFIELD,GILBERT,WV,25621,3046643343,RIVERSIDE PHARMACY INC,3046643343,True,True,"Pharmacy, Community/Retail Pharmacy",18.3,41.2,34.1,54750,1675,1,21,624.4,753242.0
1902993108,"FLAT IRON PHARMACY, LLC",JOHN LATOCHA,WELCH,WV,24801,3044363380,"FLAT IRON PHARMACY, LLC",3044363380,True,True,Pharmacy,18.1,48.1,11.3,29492,5107,1,21,624.4,753242.0
1295481695,RIGHT WAY DRUG INC.,HUNTER TESTERMAN,WELCH,WV,24801,2767818498,RIGHT WAY DRUG INC.,2767818498,True,True,"Pharmacy, Community/Retail Pharmacy",18.1,48.1,11.3,29492,5107,1,21,624.4,753242.0
1336326792,WELCH PHARMACY INC,SHAWN JENKINS,WELCH,WV,24801,3044364932,WELCH PHARMACY INC,3044364932,True,True,"Pharmacy, Community/Retail Pharmacy",18.1,48.1,11.3,29492,5107,1,21,624.4,753242.0
1477646693,"PENDLETON COMMUNITY CARE, INC.",JAMIE HUDSON,FRANKLIN,WV,26807,3043582887,"PENDLETON COMMUNITY CARE, INC.",3043582887,True,True,"Pharmacy, Community/Retail Pharmacy",17.6,35.4,29.2,65096,2361,1,21,624.4,753242.0
1780639286,ARACOMA DRUG OF CHAPMANVILLE INC,MICHAEL BAKER,CHAPMANVILLE,WV,25508,3048554541,ARACOMA DRUG OF CHAPMANVILLE INC,3048554541,True,True,"Pharmacy, Community/Retail Pharmacy",17.0,44.8,22.8,48866,8282,1,21,624.4,753242.0
1003414392,BP5 LLC,SID ILANGOVAN,CHAPMANVILLE,WV,25508,3048535554,BP5 LLC,3048535554,True,True,Pharmacy,17.0,44.8,22.8,48866,8282,1,21,624.4,753242.0
1497824825,CHAPMANVILLE PHARMACY INC,VIRGIL MERRITT,CHAPMANVILLE,WV,25508,3048559502,CHAPMANVILLE PHARMACY INC,3048559502,True,True,"Pharmacy, Community/Retail Pharmacy",17.0,44.8,22.8,48866,8282,1,21,624.4,753242.0
1649516824,TIGER PHARMACY INC,MARIA HATFIELD,CHAPMANVILLE,WV,25508,3048551300,TIGER PHARMACY INC,3048551300,True,True,"Pharmacy, Community/Retail Pharmacy",17.0,44.8,22.8,48866,8282,1,21,624.4,753242.0
1164515599,CHARLIES PHARMACY INC,EVA BURNS,MULLENS,WV,25882,3042945447,CHARLIES PHARMACY INC,3042945447,True,True,"Pharmacy, Community/Retail Pharmacy",16.7,44.4,21.4,72727,2361,1,21,624.4,753242.0
1942499223,"CHARLIE'S PHARMACY OF MULLENS, LLC",KEVIN WILSON,MULLENS,WV,25882,3042945447,"CHARLIE'S PHARMACY OF MULLENS, LLC",3042945447,True,True,"Pharmacy, Community/Retail Pharmacy",16.7,44.4,21.4,72727,2361,1,21,624.4,753242.0
1740043710,"LINCOLN COUNTY PRIMARY CARE CENTER, INC.",LETITIA WEAVER-SCITES,OCEANA,WV,24870,6815391107,"LINCOLN COUNTY PRIMARY CARE CENTER, INC.",6815391107,True,True,"Pharmacy, Community/Retail Pharmacy",16.3,42.3,39.6,44660,1652,1,21,624.4,753242.0
1457716334,"DOUG'S DRUGS, LLC",MICHAEL POWERS,OCEANA,WV,24870,3046826900,"DOUG'S DRUGS, LLC",3046826900,True,True,"Pharmacy, Community/Retail Pharmacy",16.3,42.3,39.6,44660,1652,1,21,624.4,753242.0
1154977023,RENEGADE PHARMACY INC.,JENNY CUNNINGHAM,OCEANA,WV,24870,3046820444,RENEGADE PHARMACY INC.,3046820444,True,True,"Pharmacy, Community/Retail Pharmacy",16.3,42.3,39.6,44660,1652,1,21,624.4,753242.0
1215988670,WESTSIDE PHARMACY INC,DEVONNA MILLER WEST,OCEANA,WV,24870,3046820444,WESTSIDE PHARMACY INC,3046820444,True,True,"Pharmacy, Community/Retail Pharmacy",16.3,42.3,39.6,44660,1652,1,21,624.4,753242.0
1093893240,UNITED PHARMACY GROUP INC,PATRICK NEBLETT,OCEANA,WV,24870,3046828289,UNITED PHARMACY GROUP INC,3046828289,True,True,"Pharmacy, Community/Retail Pharmacy",16.3,42.3,39.6,44660,1652,1,21,624.4,753242.0
1639256316,BROWN BAILEY & BLANKENSHIP INC,HERBERT BLANKENSHIP,MAN,WV,25635,3045832863,BROWN BAILEY & BLANKENSHIP INC,3045832863,True,True,"Pharmacy, Community/Retail Pharmacy",15.8,43.1,11.9,68125,1973,1,21,624.4,753242.0
1932279015,COMMUNITY PRESCRIPTION CENTER INC,TERRI DOSS,MAN,WV,25635,3045839910,COMMUNITY PRESCRIPTION CENTER INC,3045839910,True,True,"Pharmacy, Community/Retail Pharmacy",15.8,43.1,11.9,68125,1973,1,21,624.4,753242.0
1215938121,"VAN PHARMACY, INC",ROBIN MOORE,VAN,WV,25206,3042458255,"VAN PHARMACY, INC",3042458255,True,True,"Pharmacy, Community/Retail Pharmacy",22.4,49.7,47.7,-666666666,174,1,20,624.4,753242.0
1427137199,CITY CENTER PHARMACY INC,JAMES BARISCH,CHARLESTON,WV,25301,3043462006,CITY CENTER PHARMACY INC,3043462006,True,True,"Pharmacy, Specialty Pharmacy",21.2,46.1,24.9,21063,2454,1,20,624.4,753242.0
1629078118,FRUTH PHARMACY INC,ANDREW BECKER,CHARLESTON,WV,25301,3043410257,FRUTH PHARMACY INC,3043410257,True,True,"Pharmacy, Community/Retail Pharmacy",21.2,46.1,24.9,21063,2454,1,20,624.4,753242.0
1801659883,"LINCOLN COUNTY PRIMARY CARE CENTER, INC.",LETITIA WEAVER-SCITES,WHITESVILLE,WV,25209,6815050006,"LINCOLN COUNTY PRIMARY CARE CENTER, INC.",6815050006,True,True,"Pharmacy, Community/Retail Pharmacy",20.3,47.6,33.6,49926,529,1,20,624.4,753242.0
1063043891,"WHITESVILLE FAMILY PHARMACY, INC",STEPHANIE MASSEY,WHITESVILLE,WV,25209,3048540825,"WHITESVILLE FAMILY PHARMACY, INC",3048540825,True,True,"Pharmacy, Community/Retail Pharmacy",20.3,47.6,33.6,49926,529,1,20,624.4,753242.0
1114361805,MOUNTAINEER DRUG INC.,MEGAN SMARR,WHITESVILLE,WV,25209,3048547990,MOUNTAINEER DRUG INC.,3048547990,True,True,"Pharmacy, Community/Retail Pharmacy",20.3,47.6,33.6,49926,529,1,20,624.4,753242.0
1790790632,FRUTH PHARMACY INC,ANDREW BECKER,SPENCER,WV,25276,3049270011,FRUTH PHARMACY INC,3049270011,True,True,"Pharmacy, Community/Retail Pharmacy",19.6,42.2,23.9,38750,7355,1,20,624.4,753242.0
1962788364,WILLOW DRUG INCORPORATED,KENLY MORRISON,SPENCER,WV,25276,3049273784,WILLOW DRUG INCORPORATED,3049273784,True,True,"Pharmacy, Community/Retail Pharmacy",19.6,42.2,23.9,38750,7355,1,20,624.4,753242.0
1285928804,CLENDENIN HEALTH CENTER PHARMACY AT RIVERVIEW,ANGELA STONE,CLENDENIN,WV,25045,3045487272,CLENDENIN HEALTH CENTER PHARMACY AT RIVERVIEW,3045487272,True,True,"Pharmacy, Community/Retail Pharmacy",19.2,43.2,25.1,47500,4230,1,20,624.4,753242.0
1609931732,CLENDENIN PHARMACY INC,WILLIAM ORE,CLENDENIN,WV,25045,3045485451,CLENDENIN PHARMACY INC,3045485451,True,True,"Pharmacy, Community/Retail Pharmacy",19.2,43.2,25.1,47500,4230,1,20,624.4,753242.0
1942385430,MEDICINE STOP INC,ROGER BOOTHE,UNEEDA,WV,25205,3043694330,MEDICINE STOP INC,3043694330,True,True,"Pharmacy, Community/Retail Pharmacy",19.2,47.5,18.1,76635,248,1,20,624.4,753242.0
1265531149,DISCOUNT EMPORIUM INC,JERRY LEONARD,CHARLESTON,WV,25387,3043453784,DISCOUNT EMPORIUM INC,3043453784,True,True,"Pharmacy, Community/Retail Pharmacy",18.8,46.5,17.3,41635,5173,1,20,624.4,753242.0
1326699703,MOUNTAINEER DRUG INC.,AARON SMARR,MARMET,WV,25315,3047671803,MOUNTAINEER DRUG INC.,3047671803,True,True,"Pharmacy, Community/Retail Pharmacy",17.8,42.5,23.4,50110,3227,1,20,624.4,753242.0
1265592679,CABIN CREEK HEALTH CENTER PHARMACY,ANGELA STONE,DAWES,WV,25054,3045955065,CABIN CREEK HEALTH CENTER PHARMACY,3045955065,True,True,"Pharmacy, Community/Retail Pharmacy",17.5,41.6,10.9,77399,304,1,20,624.4,753242.0
1588993695,RSM PHARMACY INC,RONALD MCKINNEY,ELIZABETH,WV,26143,3042754687,RSM PHARMACY INC,3042754687,True,True,"Pharmacy, Community/Retail Pharmacy",17.4,43.6,24.5,56588,3326,1,20,624.4,753242.0
1265468029,RSM PHARMACY INC,RONALD MCKINNEY,ELIZABETH,WV,26143,3042754687,RSM PHARMACY INC,3042754687,True,True,"Pharmacy, Community/Retail Pharmacy",17.4,43.6,24.5,56588,3326,1,20,624.4,753242.0
1578395497,WESTSIDE HEALTH CENTER PHARMACY,ANGELA STONE,CHARLESTON,WV,25302,6812058730,WESTSIDE HEALTH CENTER PHARMACY,6812058730,True,True,"Pharmacy, Community/Retail Pharmacy",17.1,42.8,21.3,55525,13280,1,20,624.4,753242.0
1578033841,FRUTH PHARMACY INC,ANDREW BECKER,CHARLESTON,WV,25302,3045939975,FRUTH PHARMACY INC,3045939975,True,True,Pharmacy,17.1,42.8,21.3,55525,13280,1,20,624.4,753242.0
1720495401,"GOOD LIFE APOTHECARY, INC",PATRICK GOOD,CHARLESTON,WV,25302,3043458600,"GOOD LIFE APOTHECARY, INC",3043458600,True,True,"Pharmacy, Community/Retail Pharmacy",17.1,42.8,21.3,55525,13280,1,20,624.4,753242.0
1972086338,RXBYTEL INC.,WALTER MOORE,CHARLESTON,WV,25302,3043426001,RXBYTEL INC.,3043426001,True,True,"Pharmacy, Community/Retail Pharmacy",17.1,42.8,21.3,55525,13280,1,20,624.4,753242.0
1932753530,"NORTHWEST PHARMACY, LLC",JEFF GOINS,CHARLESTON,WV,25302,3043067778,"NORTHWEST PHARMACY, LLC",3043067778,True,True,"Pharmacy, Community/Retail Pharmacy",17.1,42.8,21.3,55525,13280,1,20,624.4,753242.0
1871653857,RXBYTEL INC,WALTER MOORE,CHARLESTON,WV,25302,3043426001,RXBYTEL INC,3043426001,True,True,"Pharmacy, Community/Retail Pharmacy",17.1,42.8,21.3,55525,13280,1,20,624.4,753242.0
1851843965,SISSONVILLE HEALTH CENTER PHARMACY,ANGELA STONE,CHARLESTON,WV,25312,3043438030,SISSONVILLE HEALTH CENTER PHARMACY,3043438030,True,True,"Pharmacy, Community/Retail Pharmacy",17.1,41.7,13.0,58220,10089,1,20,624.4,753242.0
1942487822,KINES FAMILY PHARMACY INC,TOM KINES,CHARLESTON,WV,25312,3049841001,KINES FAMILY PHARMACY INC,3049841001,True,True,"Pharmacy, Community/Retail Pharmacy",17.1,41.7,13.0,58220,10089,1,20,624.4,753242.0
1144466723,GAULEY RIVER PHARMACY INC,HOWARD BOONE,CRAIGSVILLE,WV,26205,3047425001,GAULEY RIVER PHARMACY INC,3047425001,True,True,"Pharmacy, Community/Retail Pharmacy",17.0,41.3,28.0,30757,2257,1,20,624.4,753242.0
1194965376,MEADOW RIVER HEALTH CARE ASSOCIATES INC,JAMES BURR,CRAIGSVILLE,WV,26205,3047426040,MEADOW RIVER HEALTH CARE ASSOCIATES INC,3047426040,True,True,"Pharmacy, Community/Retail Pharmacy",17.0,41.3,28.0,30757,2257,1,20,624.4,753242.0
1497801161,"POCA VALU-RITE, INC",BRAC BROWN,POCA,WV,25159,3047551500,"POCA VALU-RITE, INC",3047551500,True,True,"Pharmacy, Community/Retail Pharmacy",16.9,42.1,17.6,56366,4207,1,20,624.4,753242.0
1609418268,WINFIELD FAMILY PHARMACY,BRAC BROWN,POCA,WV,25159,3047551500,WINFIELD FAMILY PHARMACY,3047551500,True,True,"Pharmacy, Community/Retail Pharmacy",16.9,42.1,17.6,56366,4207,1,20,624.4,753242.0
1790257798,LINCOLN COUNTY PRIMARY CARE CENTER INC,LETITIA WEAVER,MADISON,WV,25130,3048079208,LINCOLN COUNTY PRIMARY CARE CENTER INC,3048079208,True,True,"Pharmacy, Community/Retail Pharmacy",16.6,46.1,22.7,51316,3347,1,20,624.4,753242.0
1952849093,"MADISON FAMILY PHARMACY, LLC",CHARLES BURDETTE,MADISON,WV,25130,3043690209,"MADISON FAMILY PHARMACY, LLC",3043690209,True,True,"Pharmacy, Community/Retail Pharmacy",16.6,46.1,22.7,51316,3347,1,20,624.4,753242.0
1497266258,MILLER BROTHERS PHARMACY LLC,SHAWN MILLER,MADISON,WV,25130,3047844803,MILLER BROTHERS PHARMACY LLC,3047844803,True,True,"Pharmacy, Community/Retail Pharmacy",16.6,46.1,22.7,51316,3347,1,20,624.4,753242.0
1700253861,BP4 LLC,SIDDARTHAN ILANGOVAN,SOUTH CHARLESTON,WV,25309,3047660900,BP4 LLC,3047660900,True,True,"Pharmacy, Community/Retail Pharmacy",16.6,41.4,22.2,52920,12144,1,20,624.4,753242.0
1942873690,BUY-FAST PHARMACY,AMBUROSE MARIAGNANAPRAKASAM,SOUTH CHARLESTON,WV,25309,3047668484,BUY-FAST PHARMACY,3047668484,True,True,"Pharmacy, Community/Retail Pharmacy",16.6,41.4,22.2,52920,12144,1,20,624.4,753242.0
1376895995,LINCOLN COUNTY PRIMARY CARE CENTER INC,LISA LEACH,SOUTH CHARLESTON,WV,25309,3047562181,LINCOLN COUNTY PRIMARY CARE CENTER INC,3047562181,True,True,"Pharmacy, Community/Retail Pharmacy",16.6,41.4,22.2,52920,12144,1,20,624.4,753242.0
1306505763,MAIN STREET PHARMACY INC,CAROL JONES,SOUTH CHARLESTON,WV,25309,3047668484,MAIN STREET PHARMACY INC,3047668484,True,True,"Pharmacy, Community/Retail Pharmacy",16.6,41.4,22.2,52920,12144,1,20,624.4,753242.0
1821453192,BEE WELL PHARMACY INC.,JAWED SHERWANI,SOUTH CHARLESTON,WV,25309,3047668484,BEE WELL PHARMACY INC.,3047668484,True,True,"Pharmacy, Community/Retail Pharmacy",16.6,41.4,22.2,52920,12144,1,20,624.4,753242.0
1720468218,LINK INVESTMENTS LLC,ENBANATHAN GOVENDER,SOUTH CHARLESTON,WV,25309,3043826102,LINK INVESTMENTS LLC,3043826102,True,True,"Pharmacy, Community/Retail Pharmacy",16.6,41.4,22.2,52920,12144,1,20,624.4,753242.0
1811090954,JERRY SKEENES,JERRY SKEENES,SOUTH CHARLESTON,WV,25309,3047562181,JERRY SKEENES,3047562181,True,True,"Pharmacy, Community/Retail Pharmacy",16.6,41.4,22.2,52920,12144,1,20,624.4,753242.0
1366515991,DANVILLE PHARMACY LLC,CHAD MOLES,DANVILLE,WV,25053,3043693981,DANVILLE PHARMACY LLC,3043693981,True,True,"Pharmacy, Community/Retail Pharmacy",16.5,46.3,22.9,59892,3828,1,20,624.4,753242.0
1053730309,THE PHARMACY,HELOISE SWANEPOEL,CABIN CREEK,WV,25035,3045959500,THE PHARMACY,3045959500,True,True,"Pharmacy, Community/Retail Pharmacy",16.5,40.6,22.7,72083,419,1,20,624.4,753242.0
1881235273,BISON RX INC.,KRISTINE TUCKER,BUFFALO,WV,25033,3049373000,BISON RX INC.,3049373000,True,True,"Pharmacy, Community/Retail Pharmacy",16.5,40.3,22.4,57500,1903,1,20,624.4,753242.0
1689960247,BUFFALO DRUG INC,JACKSON NOEL,BUFFALO,WV,25033,3049373000,BUFFALO DRUG INC,3049373000,True,True,"Pharmacy, Community/Retail Pharmacy",16.5,40.3,22.4,57500,1903,1,20,624.4,753242.0
1225690910,TRICOUNTY PHARMACY INC,SPIRO MITIAS,ALUM CREEK,WV,25003,3047561260,TRICOUNTY PHARMACY INC,3047561260,True,True,"Pharmacy, Community/Retail Pharmacy",16.2,43.0,24.6,61031,1734,1,20,624.4,753242.0
1861732018,"ALUM CREEK PHARMACY,INC",PHILIP MICHAEL,ALUM CREEK,WV,25003,3047562180,"ALUM CREEK PHARMACY,INC",3047562180,True,True,"Pharmacy, Community/Retail Pharmacy",16.2,43.0,24.6,61031,1734,1,20,624.4,753242.0
1154621340,MEDS 2 GO EXPRESS PHARMACY INC,PHILIP MICHAEL,ALUM CREEK,WV,25003,3047561260,MEDS 2 GO EXPRESS PHARMACY INC,3047561260,True,True,"Pharmacy, Community/Retail Pharmacy",16.2,43.0,24.6,61031,1734,1,20,624.4,753242.0
1396550729,WOMENCARE INC,CRAIG GLOVER,SAINT ALBANS,WV,25177,3047606336,WOMENCARE INC,3047606336,True,True,"Pharmacy, Community/Retail Pharmacy",16.2,41.3,20.2,54789,23211,1,20,624.4,753242.0
1528085966,LOOP PLAZA PHARMACY CO,WILLIAM MCFARLAND,SAINT ALBANS,WV,25177,3047272233,LOOP PLAZA PHARMACY CO,3047272233,True,True,"Pharmacy, Community/Retail Pharmacy",16.2,41.3,20.2,54789,23211,1,20,624.4,753242.0
1891970414,COAL RIVER PHARMACY LLC,STEPHANIE MASSEY,COMFORT,WV,25049,3048373777,COAL RIVER PHARMACY LLC,3048373777,True,True,"Pharmacy, Community/Retail Pharmacy",16.1,46.5,9.2,55833,435,1,20,624.4,753242.0
1407314313,WEST VIRGINIA HEALTH CARE COOPERATIVE INC,KAREN BOWLING,SUMMERSVILLE,WV,26651,3048728402,WEST VIRGINIA HEALTH CARE COOPERATIVE INC,3048728402,True,True,"Pharmacy, Community/Retail Pharmacy",15.9,40.0,23.4,59067,10070,1,20,624.4,753242.0
1336228006,MOUNTAIN LAKE PHARMACY INC,HOWARD BOONE,SUMMERSVILLE,WV,26651,3048729000,MOUNTAIN LAKE PHARMACY INC,3048729000,True,True,"Pharmacy, Community/Retail Pharmacy",15.9,40.0,23.4,59067,10070,1,20,624.4,753242.0
1528073467,FRUTH PHARMACY INC,ANDREW BECKER,NITRO,WV,25143,3047550128,FRUTH PHARMACY INC,3047550128,True,True,"Pharmacy, Community/Retail Pharmacy",14.9,40.0,19.2,55088,9185,1,20,624.4,753242.0
1285003343,FRUTH PHARAMCY INC,ANDREW BECKER,NITRO,WV,25143,3047559015,FRUTH PHARAMCY INC,3047559015,True,True,"Pharmacy, Community/Retail Pharmacy",14.9,40.0,19.2,55088,9185,1,20,624.4,753242.0
1750726444,KANAWHA CITY HEALTH CENTER PHARMACY,ANGELA STONE,CHARLESTON,WV,25304,3042057534,KANAWHA CITY HEALTH CENTER PHARMACY,3042057534,True,True,"Pharmacy, Community/Retail Pharmacy",13.4,36.2,22.7,80200,8480,1,20,624.4,753242.0
1477938181,TRIVI DLP,DAVID PENIX,CHARLESTON,WV,25304,3043438621,TRIVI DLP,3043438621,True,True,"Pharmacy, Community/Retail Pharmacy",13.4,36.2,22.7,80200,8480,1,20,624.4,753242.0
1336485663,"CMC PHARMACY, LLC",NICHOLAS KARALIS,CHARLESTON,WV,25304,3043448021,"CMC PHARMACY, LLC",3043448021,True,True,"Pharmacy, Community/Retail Pharmacy",13.4,36.2,22.7,80200,8480,1,20,624.4,753242.0
1962509703,DISCOUNT EMPORIUM INC,JERRY LEONARD,CHARLESTON,WV,25304,3049258022,DISCOUNT EMPORIUM INC,3049258022,True,True,"Pharmacy, Community/Retail Pharmacy",13.4,36.2,22.7,80200,8480,1,20,624.4,753242.0
1134788649,EAGLE PHARMACY LLC,JITE URHIE,CHARLESTON,WV,25304,6812655151,EAGLE PHARMACY LLC,6812655151,True,True,"Pharmacy, Community/Retail Pharmacy",13.4,36.2,22.7,80200,8480,1,20,624.4,753242.0
1548324676,TRIVILLIANS PHARMACY OF KANAWHA CITY,JOHN HOTOPP,CHARLESTON,WV,25304,3043438621,TRIVILLIANS PHARMACY OF KANAWHA CITY,3043438621,True,True,"Pharmacy, Community/Retail Pharmacy",13.4,36.2,22.7,80200,8480,1,20,624.4,753242.0
1922466200,VALLEY PHARMACY SOLUTIONS LLC,DIPTI PATEL,CHARLESTON,WV,25304,3049320032,VALLEY PHARMACY SOLUTIONS LLC,3049320032,True,True,"Pharmacy, Community/Retail Pharmacy",13.4,36.2,22.7,80200,8480,1,20,624.4,753242.0
1285793281,LOOP PLAZA PHARMACY CO INC,WILLIAM MCFARLAND,CHARLESTON,WV,25304,3047207866,LOOP PLAZA PHARMACY CO INC,3047207866,True,True,"Pharmacy, Compounding Pharmacy",13.4,36.2,22.7,80200,8480,1,20,624.4,753242.0
1710084645,CROSS LANES FAMILY PHARMACY INC,BRAC BROWN,CROSS LANES,WV,25313,3042042588,CROSS LANES FAMILY PHARMACY INC,3042042588,True,True,"Pharmacy, Community/Retail Pharmacy",13.4,38.6,21.7,63945,11862,1,20,624.4,753242.0
1164437000,FRUTH PHARMACY INC,ANDREW BECKER,WINFIELD,WV,25213,3045863088,FRUTH PHARMACY INC,3045863088,True,True,"Pharmacy, Community/Retail Pharmacy",13.3,37.7,17.0,89750,6274,1,20,624.4,753242.0
1275273690,GENERAL DRUG LLC,MATTHEW BROWN,WINFIELD,WV,25213,3047675609,GENERAL DRUG LLC,3047675609,True,True,"Pharmacy, Community/Retail Pharmacy",13.3,37.7,17.0,89750,6274,1,20,624.4,753242.0
1427063361,FRUTH PHARMACY INC,ANDREW BECKER,SCOTT DEPOT,WV,25560,3042011630,FRUTH PHARMACY INC,3042011630,True,True,"Pharmacy, Community/Retail Pharmacy",13.1,36.3,20.0,104432,8292,1,20,624.4,753242.0
1437164373,FRUTH PHARMACY INC,ANDREW BECKER,HURRICANE,WV,25526,3045622677,FRUTH PHARMACY INC,3045622677,True,True,"Pharmacy, Community/Retail Pharmacy",12.9,37.1,18.2,81187,22522,1,20,624.4,753242.0
1649852005,HURRICANE FAMILY PHARMACY LLC,SARAH BELL,HURRICANE,WV,25526,8595520734,HURRICANE FAMILY PHARMACY LLC,8595520734,True,True,"Pharmacy, Community/Retail Pharmacy",12.9,37.1,18.2,81187,22522,1,20,624.4,753242.0
1073528915,FRUTH PHARMACY INC,ANDREW BECKER,CHARLESTON,WV,25314,3043432807,FRUTH PHARMACY INC,3043432807,True,True,"Pharmacy, Community/Retail Pharmacy",11.8,34.2,22.5,86462,15742,1,20,624.4,753242.0
1902803141,"J & B DRUG STORE, INC.",LEISA JARVIS-STOVER,GRANTSVILLE,WV,26147,3043547737,"J & B DRUG STORE, INC.",3043547737,True,True,"Pharmacy, Community/Retail Pharmacy",21.5,40.7,32.1,41929,1873,1,19,624.4,753242.0
1083719314,WESTERN GREENBRIER PHARMACY INC,ROBERT WEED,RUPERT,WV,25984,3043926348,WESTERN GREENBRIER PHARMACY INC,3043926348,True,True,"Pharmacy, Community/Retail Pharmacy",20.7,44.5,17.5,27825,1957,1,19,624.4,753242.0
1760143408,CORNERSTONE FAMILY PHARMACY LLC,IAN GLADWELL,RICHWOOD,WV,26261,3048460180,CORNERSTONE FAMILY PHARMACY LLC,3048460180,True,True,"Pharmacy, Community/Retail Pharmacy",19.8,42.8,27.7,34255,3115,1,19,624.4,753242.0
1245831601,"RITCHIE COMMUNITY PHARMACY, LLC",LEA ANN PHARES,HARRISVILLE,WV,26362,3046432900,"RITCHIE COMMUNITY PHARMACY, LLC",3046432900,True,True,"Pharmacy, Community/Retail Pharmacy",19.0,43.6,23.3,47180,2904,1,19,624.4,753242.0
1386683936,HOMETOWN PHARMACY LIMITED LIABILITY,MICHAEL ECHARD,HARRISVILLE,WV,26362,3046434001,HOMETOWN PHARMACY LIMITED LIABILITY,3046434001,True,True,"Pharmacy, Community/Retail Pharmacy",19.0,43.6,23.3,47180,2904,1,19,624.4,753242.0
1063701944,HIGHLAWN PREFERRED PHARMACY,BAFFOUR AGYARE,HUNTINGTON,WV,25702,3045226304,HIGHLAWN PREFERRED PHARMACY,3045226304,True,True,"Pharmacy, Community/Retail Pharmacy",18.5,49.0,18.7,39225,7164,1,19,624.4,753242.0
1861577090,TRI COUNTY HEALTH CLINIC INC,CONNIE JOHNSTON,ROCK CAVE,WV,26234,3049246784,TRI COUNTY HEALTH CLINIC INC,3049246784,True,True,"Pharmacy, Community/Retail Pharmacy",18.0,37.1,35.9,49886,1053,1,19,624.4,753242.0
1952472383,BELINGTON PRESCRIPTION CENTER INC,MATTHEW GENIN,BELINGTON,WV,26250,3048231198,BELINGTON PRESCRIPTION CENTER INC,3048231198,True,True,Pharmacy,17.5,45.2,16.5,46132,5743,1,19,624.4,753242.0
1770841637,MACES PHARMACY INC,RALPH MACE,BELINGTON,WV,26250,3048231001,MACES PHARMACY INC,3048231001,True,True,"Pharmacy, Community/Retail Pharmacy",17.5,45.2,16.5,46132,5743,1,19,624.4,753242.0
1780483693,"R. CHAFFIN DRUG CO., LLC",RANDALL CHAFFIN,RONCEVERTE,WV,24970,6812147774,"R. CHAFFIN DRUG CO., LLC",6812147774,True,True,"Pharmacy, Community/Retail Pharmacy",17.2,41.3,17.4,46688,4007,1,19,624.4,753242.0
1942372743,OWMA PLLC,DENA FERMAN,MARTINSBURG,WV,25401,3042609040,OWMA PLLC,3042609040,True,True,"Pharmacy, Community/Retail Pharmacy",17.0,42.3,16.8,49157,15661,1,19,624.4,753242.0
1053498584,"PATTERSON'S DRUG STORE, INC.",ELAINE LOIZOS-HOBDAY,MARTINSBURG,WV,25401,3042678903,"PATTERSON'S DRUG STORE, INC.",3042678903,True,True,"Pharmacy, Community/Retail Pharmacy",17.0,42.3,16.8,49157,15661,1,19,624.4,753242.0
1477339299,WISDOM PHARMACY LLC,FOUAD SORIAL,MARTINSBURG,WV,25401,3044190808,WISDOM PHARMACY LLC,3044190808,True,True,"Pharmacy, Community/Retail Pharmacy",17.0,42.3,16.8,49157,15661,1,19,624.4,753242.0
1174982946,APPLE VALLEY PHARMACY INC.,AMY WASANYI,MARTINSBURG,WV,25401,3047077278,APPLE VALLEY PHARMACY INC.,3047077278,True,True,"Pharmacy, Community/Retail Pharmacy",17.0,42.3,16.8,49157,15661,1,19,624.4,753242.0
1316596794,MARTINSBURG PHARMACY LLC,MELVIN HEMERICK,MARTINSBURG,WV,25401,3049015705,MARTINSBURG PHARMACY LLC,3049015705,True,True,"Pharmacy, Community/Retail Pharmacy",17.0,42.3,16.8,49157,15661,1,19,624.4,753242.0
1043533003,CITY PHARMACY,DAVID WASANYI,MARTINSBURG,WV,25401,3042626555,CITY PHARMACY,3042626555,True,True,"Pharmacy, Community/Retail Pharmacy",17.0,42.3,16.8,49157,15661,1,19,624.4,753242.0
1407069115,FRITZS PHARMACY INC,NORMAN GLASSER,ALDERSON,WV,24910,3044452956,FRITZS PHARMACY INC,3044452956,True,True,"Pharmacy, Community/Retail Pharmacy",16.6,41.1,20.7,41071,4556,1,19,624.4,753242.0
1982786760,FRUTH PHARMACY INC,ANDREW BECKER,HUNTINGTON,WV,25701,3046972151,FRUTH PHARMACY INC,3046972151,True,True,"Pharmacy, Community/Retail Pharmacy",16.5,45.8,24.2,51671,21860,1,19,624.4,753242.0
1538611520,FRUTH PHARMACY INC,ANDREW BECKER,HUNTINGTON,WV,25701,3045226090,FRUTH PHARMACY INC,3045226090,True,True,Pharmacy,16.5,45.8,24.2,51671,21860,1,19,624.4,753242.0
1275948184,MARSHALL PHARMACY INC.,JEFFREY FENERTY,HUNTINGTON,WV,25701,3046916879,MARSHALL PHARMACY INC.,3046916879,True,True,"Pharmacy, Community/Retail Pharmacy",16.5,45.8,24.2,51671,21860,1,19,624.4,753242.0
1497149579,MARSHALL PHARMACY INC.,KEVIN YINGLING,HUNTINGTON,WV,25701,3046965000,MARSHALL PHARMACY INC.,3046965000,True,True,"Pharmacy, Community/Retail Pharmacy",16.5,45.8,24.2,51671,21860,1,19,624.4,753242.0
1104279066,VALLEY HEALTH PHARMACY,ASHLEY HOUVOURAS,HUNTINGTON,WV,25701,3043993355,VALLEY HEALTH PHARMACY,3043993355,True,True,"Pharmacy, Community/Retail Pharmacy",16.5,45.8,24.2,51671,21860,1,19,624.4,753242.0
1205879087,MCCLOUD FAMILY PHARMACY INC,KEVIN MCCLOUD,HUNTINGTON,WV,25701,3045226090,MCCLOUD FAMILY PHARMACY INC,3045226090,True,True,"Pharmacy, Community/Retail Pharmacy",16.5,45.8,24.2,51671,21860,1,19,624.4,753242.0
1467546770,PASTM INC,PETER THOMAS,HUNTINGTON,WV,25701,3045235003,PASTM INC,3045235003,True,True,Pharmacy,16.5,45.8,24.2,51671,21860,1,19,624.4,753242.0
1598846222,SAFE RX PHARMACIES INC,KENT FREEMAN,HUNTINGTON,WV,25701,3045220435,SAFE RX PHARMACIES INC,3045220435,True,True,"Pharmacy, Community/Retail Pharmacy",16.5,45.8,24.2,51671,21860,1,19,624.4,753242.0
1629684162,FAST & FRIENDLY PHARMACY BUCKHANNON LLC,JOHN METHENY,BUCKHANNON,WV,26201,3044066206,FAST & FRIENDLY PHARMACY BUCKHANNON LLC,3044066206,True,True,"Pharmacy, Community/Retail Pharmacy",16.4,36.7,22.5,51597,19020,1,19,624.4,753242.0
1033650098,COMMUNITY CARE PHARMACY OF WEST VIRGINIA INC,CONNIE JOHNSTON,BUCKHANNON,WV,26201,3044721712,COMMUNITY CARE PHARMACY OF WEST VIRGINIA INC,3044721712,True,True,"Pharmacy, Community/Retail Pharmacy",16.4,36.7,22.5,51597,19020,1,19,624.4,753242.0
1750444360,GREENBRIER MEDICAL ARTS PHARMACY INC,ERIN HAGER,WHITE SULPHUR SPRINGS,WV,24986,3045362454,GREENBRIER MEDICAL ARTS PHARMACY INC,3045362454,True,True,"Pharmacy, Community/Retail Pharmacy",16.3,38.8,27.2,49688,5082,1,19,624.4,753242.0
1992708770,GREENBRIER MEDICAL ARTS PHARMACY INC,ERIN HAGER,LEWISBURG,WV,24901,3046475121,GREENBRIER MEDICAL ARTS PHARMACY INC,3046475121,True,True,"Pharmacy, Community/Retail Pharmacy",15.8,38.0,26.8,52539,9022,1,19,624.4,753242.0
1912900614,"GREENBRIER MEDICAL ARTS PHARMACY, INC",DAVID CARSON,LEWISBURG,WV,24901,3046471377,"GREENBRIER MEDICAL ARTS PHARMACY, INC",3046471377,True,True,"Pharmacy, Community/Retail Pharmacy",15.8,38.0,26.8,52539,9022,1,19,624.4,753242.0
1144327982,DISCOUNT EMPORIUM INC,JERRY LEONARD,BARBOURSVILLE,WV,25504,3047362451,DISCOUNT EMPORIUM INC,3047362451,True,True,"Pharmacy, Community/Retail Pharmacy",15.4,44.6,17.5,59577,12197,1,19,624.4,753242.0
1669657649,BARBOURSVILLE FAMILY PHARMACY,BRAC BROWN,BARBOURSVILLE,WV,25504,3043020564,BARBOURSVILLE FAMILY PHARMACY,3043020564,True,True,"Pharmacy, Community/Retail Pharmacy",15.4,44.6,17.5,59577,12197,1,19,624.4,753242.0
1548511553,"KAYPAT MEDICAL, INC",KOFI AGYEKUM,BARBOURSVILLE,WV,25504,3040000000,"KAYPAT MEDICAL, INC",3040000000,True,True,Pharmacy,15.4,44.6,17.5,59577,12197,1,19,624.4,753242.0
1891453312,VALLEY HEALTH SYSTEMS INC,ASHLEY HOUVOURAS,MILTON,WV,25541,3047815011,VALLEY HEALTH SYSTEMS INC,3047815011,True,True,"Pharmacy, Community/Retail Pharmacy",14.8,43.1,22.9,61818,9360,1,19,624.4,753242.0
1538104054,HUNTINGTON REGIONAL MED PK PHARM CO,MICHELLE DILLON-ROSS,HUNGTINGTON,WV,25705,3043993784,HUNTINGTON REGIONAL MED PK PHARM CO,3043993784,True,True,"Pharmacy, Community/Retail Pharmacy",14.5,44.2,17.9,60608,20668,1,19,624.4,753242.0
1689614950,"VALLEY HEALTH SYSTEMS, INC",ASHLEY HOUVOURAS,HUNTINGTON,WV,25705,3045254112,"VALLEY HEALTH SYSTEMS, INC",3045254112,True,True,"Pharmacy, Community/Retail Pharmacy",14.5,44.2,17.9,60608,20668,1,19,624.4,753242.0
1295444982,"VALLEY HEALTH SYSTEMS, INC",ASHLEY HOUVOURAS,HUNTINGTON,WV,25705,3047815046,"VALLEY HEALTH SYSTEMS, INC",3047815046,True,True,"Pharmacy, Community/Retail Pharmacy",14.5,44.2,17.9,60608,20668,1,19,624.4,753242.0
1770639114,G & R LLC,RICHARD FINLEY,HUNTINGTON,WV,25705,3046975090,G & R LLC,3046975090,True,True,"Pharmacy, Community/Retail Pharmacy",14.5,44.2,17.9,60608,20668,1,19,624.4,753242.0
1457427965,HUNTINGTON REGIONAL MEDICAL PARK PHARMACY INC,MICHELE DILLON,HUNTINGTON,WV,25705,3043993784,HUNTINGTON REGIONAL MEDICAL PARK PHARMACY INC,3043993784,True,True,"Pharmacy, Community/Retail Pharmacy",14.5,44.2,17.9,60608,20668,1,19,624.4,753242.0
1174628408,THE MEDICINE CHEST PHARMACY INC OF WV,GILBERT FULKS,LESAGE,WV,25537,3047368508,THE MEDICINE CHEST PHARMACY INC OF WV,3047368508,True,True,"Pharmacy, Community/Retail Pharmacy",14.4,43.1,14.9,62292,1553,1,19,624.4,753242.0
1891890125,MED FAST PHARMACY LLC,ANTHONY MOORE,MARTINSBURG,WV,25404,3042640300,MED FAST PHARMACY LLC,3042640300,True,True,"Pharmacy, Community/Retail Pharmacy",14.1,39.5,14.6,68897,22809,1,19,624.4,753242.0
1265087753,MZM PHARMACY LLC,MANAL MATTA,MARTINSBURG,WV,25404,6812472385,MZM PHARMACY LLC,6812472385,True,True,"Pharmacy, Community/Retail Pharmacy",14.1,39.5,14.6,68897,22809,1,19,624.4,753242.0
1336754647,SMPH LLC,KRISTINE KNOTT,MARTINSBURG,WV,25404,6812423997,SMPH LLC,6812423997,True,True,"Pharmacy, Community/Retail Pharmacy",14.1,39.5,14.6,68897,22809,1,19,624.4,753242.0
1134307036,RPSM LLC,KENNETH REED,MARTINSBURG,WV,25404,3042676655,RPSM LLC,3042676655,True,True,"Pharmacy, Community/Retail Pharmacy",14.1,39.5,14.6,68897,22809,1,19,624.4,753242.0
1235236076,NORTH END PHARMACY,WILLIAM RUTH,MARTINSBURG,WV,25404,3042630872,NORTH END PHARMACY,3042630872,True,True,"Pharmacy, Community/Retail Pharmacy",14.1,39.5,14.6,68897,22809,1,19,624.4,753242.0
1083780191,RPHV LLC,MARK WILLIAMS,HEDGESVILLE,WV,25427,3047545800,RPHV LLC,3047545800,True,True,"Pharmacy, Community/Retail Pharmacy",13.2,37.4,17.4,86985,16410,1,19,624.4,753242.0
1952312506,JSB ENTERPRISES INC,J SCOTT BOYD,INWOOD,WV,25428,3042292400,JSB ENTERPRISES INC,3042292400,True,True,"Pharmacy, Community/Retail Pharmacy",12.2,38.1,10.1,80329,13690,1,19,624.4,753242.0
1609359066,MARSHALL PHARMACY INC.,KEVIN YINGLING,HUNTINGTON,WV,25703,8442461569,MARSHALL PHARMACY INC.,8442461569,True,True,"Pharmacy, Community/Retail Pharmacy",11.8,46.6,4.7,25457,4963,1,19,624.4,753242.0
1063151850,"APPALACHIAN REGIONAL HEALTHCARE, INC",HOLLIE HARRIS,HINTON,WV,25951,3044667306,"APPALACHIAN REGIONAL HEALTHCARE, INC",3044667306,True,True,"Pharmacy, Community/Retail Pharmacy",20.0,39.5,28.1,36679,5286,1,18,624.4,753242.0
1407996382,WARDENSVILLE PHARMACY LLC,LISA WHETZEL,BAKER,WV,26801,3048978220,WARDENSVILLE PHARMACY LLC,3048978220,True,True,"Pharmacy, Community/Retail Pharmacy",19.4,40.0,32.6,49971,1441,1,18,624.4,753242.0
1386975746,"E.A. HAWSE HEALTH CENTER, INC",JOHN HAMMOND,BAKER,WV,26801,3048978220,"E.A. HAWSE HEALTH CENTER, INC",3048978220,True,True,"Pharmacy, Community/Retail Pharmacy",19.4,40.0,32.6,49971,1441,1,18,624.4,753242.0
1861237844,"E. A. HAWSE HEALTH CENTER, INC.",CHARLES ROHRBAUGH,MOOREFIELD,WV,26836,3048975915,"E. A. HAWSE HEALTH CENTER, INC.",3048975915,True,True,"Pharmacy, Community/Retail Pharmacy",19.1,43.3,24.3,48073,6171,1,18,624.4,753242.0
1104248269,WILLIAMS PHARMACY HOLDINGS 1 LLC,BRADLEY WILLIAMS,MOOREFIELD,WV,26836,3045301044,WILLIAMS PHARMACY HOLDINGS 1 LLC,3045301044,True,True,"Pharmacy, Community/Retail Pharmacy",19.1,43.3,24.3,48073,6171,1,18,624.4,753242.0
1366879173,RAVENSWOOD PHARMACY LLC,EDWARD ZATTA,RAVENSWOOD,WV,26164,3044404410,RAVENSWOOD PHARMACY LLC,3044404410,True,True,"Pharmacy, Community/Retail Pharmacy",18.2,43.4,20.3,48250,7342,1,18,624.4,753242.0
1912090135,WIRT COUNTY HEALTH SVC ASSOC INC,DEREK SNYDER,RAVENSWOOD,WV,26164,3048686050,WIRT COUNTY HEALTH SVC ASSOC INC,3048686050,True,True,"Pharmacy, Community/Retail Pharmacy",18.2,43.4,20.3,48250,7342,1,18,624.4,753242.0
1518960111,"GREENBRIER MEDICAL ARTS PHARMACY, INC.",DAVID CARSON,UNION,WV,24983,3047725701,"GREENBRIER MEDICAL ARTS PHARMACY, INC.",3047725701,True,True,"Pharmacy, Community/Retail Pharmacy",17.9,41.4,29.7,46513,1783,1,18,624.4,753242.0
1326205246,PETERSTOWN PHARMACY,ROBERT MASSIE,PETERSTOWN,WV,24963,3047535074,PETERSTOWN PHARMACY,3047535074,True,True,"Pharmacy, Community/Retail Pharmacy",17.6,41.2,23.8,47428,3860,1,18,624.4,753242.0
1609881549,FRUTH PHARMACY INC,ANDREW BECKER,RIPLEY,WV,25271,3043721605,FRUTH PHARMACY INC,3043721605,True,True,"Pharmacy, Community/Retail Pharmacy",17.4,43.1,21.6,48101,7974,1,18,624.4,753242.0
1346567377,"FAMILY PHARMACY OF RIPLEY, INC",DENNIS FOREMAN,RIPLEY,WV,25271,3044830207,"FAMILY PHARMACY OF RIPLEY, INC",3044830207,True,True,"Pharmacy, Community/Retail Pharmacy",17.4,43.1,21.6,48101,7974,1,18,624.4,753242.0
1447783931,PHARMACOLE INC,JASON TURNER,PINE GROVE,WV,26419,3048893131,PHARMACOLE INC,3048893131,True,True,"Pharmacy, Community/Retail Pharmacy",16.8,43.5,21.2,63125,673,1,18,624.4,753242.0
1396818423,NORRIS PHARMACY INC,JONATHAN RIDER,PINE GROVE,WV,26419,3048893131,NORRIS PHARMACY INC,3048893131,True,True,"Pharmacy, Community/Retail Pharmacy",16.8,43.5,21.2,63125,673,1,18,624.4,753242.0
1588161467,PHARMACOLE INC,JASON TURNER,NEW MARTINSVILLE,WV,26155,3044552171,PHARMACOLE INC,3044552171,True,True,"Pharmacy, Community/Retail Pharmacy",16.7,42.1,21.6,54747,7715,1,18,624.4,753242.0
1528153905,WITSCHEYS MARKET INC,GREGORY PLAS,NEW MARTINSVILLE,WV,26155,3044552171,WITSCHEYS MARKET INC,3044552171,True,True,"Pharmacy, Community/Retail Pharmacy",16.7,42.1,21.6,54747,7715,1,18,624.4,753242.0
1932208824,WARDENSVILLE PHARMACY LLC,LISA WHETZEL,WARDENSVILLE,WV,26851,3048743687,WARDENSVILLE PHARMACY LLC,3048743687,True,True,"Pharmacy, Community/Retail Pharmacy",16.6,40.6,31.6,50179,1612,1,18,624.4,753242.0
1366773749,"E.A. HAWSE HEALTH CENTER, INC",JOHN HAMMOND,WARDENSVILLE,WV,26851,3048743687,"E.A. HAWSE HEALTH CENTER, INC",3048743687,True,True,"Pharmacy, Community/Retail Pharmacy",16.6,40.6,31.6,50179,1612,1,18,624.4,753242.0
1447407150,TRI-COUNTY HEALTH CLINIC INC,CONNIE JOHNSTON,BLACKSVILLE,WV,26521,3044328268,TRI-COUNTY HEALTH CLINIC INC,3044328268,True,True,"Pharmacy, Community/Retail Pharmacy",14.6,32.8,47.1,78750,119,1,18,624.4,753242.0
1992344568,MOUNTAIN VALLEY LLC,GULBADAN SINGH,MORGANTOWN,WV,26501,3049437177,MOUNTAIN VALLEY LLC,3049437177,True,True,"Pharmacy, Community/Retail Pharmacy",12.7,34.8,14.9,62173,19640,1,18,624.4,753242.0
1437529989,WATERFRONT DIABETES EDUCATION CENTER,KARL SOMMER,MORGANTOWN,WV,26501,3042257979,WATERFRONT DIABETES EDUCATION CENTER,3042257979,True,True,"Pharmacy, Community/Retail Pharmacy",12.7,34.8,14.9,62173,19640,1,18,624.4,753242.0
1629099684,WATERFRONT FAMILY PHARMACY LLC,RACHAEL HUDSON,MORGANTOWN,WV,26501,3042257979,WATERFRONT FAMILY PHARMACY LLC,3042257979,True,True,"Pharmacy, Community/Retail Pharmacy",12.7,34.8,14.9,62173,19640,1,18,624.4,753242.0
1750425872,HACKETT AND HACKETT LLC,WILBUR HACKETT,MORGANTOWN,WV,26508,3042922787,HACKETT AND HACKETT LLC,3042922787,True,True,"Pharmacy, Community/Retail Pharmacy",11.2,32.2,14.1,83247,39356,1,18,624.4,753242.0
1649831744,RME HOLDINGS LLC,ERIC BELLDINA,MORGANTOWN,WV,26508,3042929300,RME HOLDINGS LLC,3042929300,True,True,"Pharmacy, Community/Retail Pharmacy",11.2,32.2,14.1,83247,39356,1,18,624.4,753242.0
1225265341,DBS LLC,ERIC BELLDINA,MORGANTOWN,WV,26508,3045949955,DBS LLC,3045949955,True,True,"Pharmacy, Community/Retail Pharmacy",11.2,32.2,14.1,83247,39356,1,18,624.4,753242.0
1225458516,AMERICAN RX PHARMACY,SCOTT TINGLER,MORGANTOWN,WV,26508,3042922787,AMERICAN RX PHARMACY,3042922787,True,True,"Pharmacy, Community/Retail Pharmacy",11.2,32.2,14.1,83247,39356,1,18,624.4,753242.0
1811970775,SUNCREST PHARMACY,STEVEN MONTI,MORGANTOWN,WV,26508,3045940132,SUNCREST PHARMACY,3045940132,True,True,"Pharmacy, Community/Retail Pharmacy",11.2,32.2,14.1,83247,39356,1,18,624.4,753242.0
1750722906,TINGLER RX,SCOTT TINGLER,MORGANTOWN,WV,26508,3042922787,TINGLER RX,3042922787,True,True,"Pharmacy, Community/Retail Pharmacy",11.2,32.2,14.1,83247,39356,1,18,624.4,753242.0
1851456289,SUNCREST PHARMACY INC,STEVE MONTI,MORGANTOWN,WV,26505,3045992159,SUNCREST PHARMACY INC,3045992159,True,True,"Pharmacy, Community/Retail Pharmacy",8.2,31.4,10.1,42275,37691,1,18,624.4,753242.0
1841064425,"COMMUNITY CARE OF WEST VIRGINIA, INC.",DORA POTASNIK,SUTTON,WV,26601,3047654488,"COMMUNITY CARE OF WEST VIRGINIA, INC.",3047654488,True,True,"Pharmacy, Community/Retail Pharmacy",18.7,42.1,20.0,48353,3767,1,17,624.4,753242.0
1538757570,MANNINGTON PHARMACY,JOHNNA HARTER,MANNINGTON,WV,26582,3049863811,MANNINGTON PHARMACY,3049863811,True,True,"Pharmacy, Community/Retail Pharmacy",18.5,45.2,23.7,48462,3929,1,17,624.4,753242.0
1316135536,COX FAMILY PHARMACY INC,MICHAEL COX,PARKERSBURG,WV,26101,3044854501,COX FAMILY PHARMACY INC,3044854501,True,True,"Pharmacy, Community/Retail Pharmacy",18.3,46.8,18.6,45556,28571,1,17,624.4,753242.0
1043617269,COX FAMILY PHARMACY INC,MICHAEL COX,PARKERSBURG,WV,26101,3048939100,COX FAMILY PHARMACY INC,3048939100,True,True,"Pharmacy, Community/Retail Pharmacy",18.3,46.8,18.6,45556,28571,1,17,624.4,753242.0
1104569144,"VALLEY HEALTH SYSTEMS, INC",ASHLEY HOUVOURAS,FORT GAY,WV,25514,3047815022,"VALLEY HEALTH SYSTEMS, INC",3047815022,True,True,"Pharmacy, Community/Retail Pharmacy",18.1,45.7,20.0,53179,3841,1,17,624.4,753242.0
1700874278,GASSAWAY DRUG COMPANY,FRANK GRINDO,GASSAWAY,WV,26624,3043645193,GASSAWAY DRUG COMPANY,3043645193,True,True,"Pharmacy, Community/Retail Pharmacy",17.9,40.0,37.5,38770,2169,1,17,624.4,753242.0
1295166569,LAMBERT DRUG STORE,JOHN LAMBERT,ROMNEY,WV,26757,3048221000,LAMBERT DRUG STORE,3048221000,True,True,"Pharmacy, Community/Retail Pharmacy",17.6,39.3,22.9,51066,7020,1,17,624.4,753242.0
1104510924,"E.A. HAWSE HEALTH CENTER, INC",CHARLES ROHRBAUGH,ROMNEY,WV,26757,3048975915,"E.A. HAWSE HEALTH CENTER, INC",3048975915,True,True,"Pharmacy, Community/Retail Pharmacy",17.6,39.3,22.9,51066,7020,1,17,624.4,753242.0
1447339049,SUNRISE PHARMACY INC,CHARLES ROHRBAUGH,ROMNEY,WV,26757,3048228312,SUNRISE PHARMACY INC,3048228312,True,True,"Pharmacy, Community/Retail Pharmacy",17.6,39.3,22.9,51066,7020,1,17,624.4,753242.0
1326147216,PRUNTYS PHARMACY INC,LARRY PUNTY,MIDDLEBOURNE,WV,26149,3047584300,PRUNTYS PHARMACY INC,3047584300,True,True,Pharmacy,17.4,43.0,28.3,60750,2330,1,17,624.4,753242.0
1972664043,PHILLIPS DRUG LLC,JAMES PHILLIPS,SISTERSVILLE,WV,26175,3046526131,PHILLIPS DRUG LLC,3046526131,True,True,"Pharmacy, Community/Retail Pharmacy",17.4,43.0,21.2,59036,3168,1,17,624.4,753242.0
1073695854,PRUNTYS PHARMACY INC,LARRY PRUNTY,SISTERSVILLE,WV,26175,3046523711,PRUNTYS PHARMACY INC,3046523711,True,True,Pharmacy,17.4,43.0,21.2,59036,3168,1,17,624.4,753242.0
1154722064,"DAVIS BROTHERS PHARMACY, INC.",JEFFREY DAVIS,NEW CUMBERLAND,WV,26047,3045647249,"DAVIS BROTHERS PHARMACY, INC.",3045647249,True,True,"Pharmacy, Community/Retail Pharmacy",17.1,44.7,24.7,63403,5404,1,17,624.4,753242.0
1083784979,LOUCAS-KARNOUPAKIS ENTERPRISES INC,JIM KARNOUPAKIS,NEW CUMBERLAND,WV,26047,3045643272,LOUCAS-KARNOUPAKIS ENTERPRISES INC,3045643272,True,True,"Pharmacy, Community/Retail Pharmacy",17.1,44.7,24.7,63403,5404,1,17,624.4,753242.0
1326122060,JOHN MANCHIN III,JOHN MANCHIN,FARMINGTON,WV,26571,3048251270,JOHN MANCHIN III,3048251270,True,True,"Pharmacy, Community/Retail Pharmacy",17.0,44.1,22.6,71944,1520,1,17,624.4,753242.0
1184653909,"RIVESVILLE COMMUNITY PHARMACY, INC.",MARTIN HOFFMAN,RIVESVILLE,WV,26588,3042787884,"RIVESVILLE COMMUNITY PHARMACY, INC.",3042787884,True,True,"Pharmacy, Community/Retail Pharmacy",17.0,44.5,16.9,67566,2911,1,17,624.4,753242.0
1609958487,REEDS PHARMACY LLC,KEN REED,BERKELEY SPRINGS,WV,25411,3042583800,REEDS PHARMACY LLC,3042583800,True,True,"Pharmacy, Community/Retail Pharmacy",16.8,39.2,27.1,64070,11929,1,17,624.4,753242.0
1790867570,PHARMACOLE INC,JASON TURNER,MOUNDSVILLE,WV,26041,3048450390,PHARMACOLE INC,3048450390,True,True,"Pharmacy, Community/Retail Pharmacy",16.8,38.5,20.6,55545,15706,1,17,624.4,753242.0
1083757462,SUNRISE PHARMACY OF CAPON BRIDGE,CHARLES ROBSBAUGH,CAPON BRIDGE,WV,26711,3048563301,SUNRISE PHARMACY OF CAPON BRIDGE,3048563301,True,True,"Pharmacy, Compounding Pharmacy",16.7,40.2,31.2,87917,2352,1,17,624.4,753242.0
1013171107,RPCB LLC,MELVIN HEMERICK,CAPON BRIDGE,WV,26711,3048562901,RPCB LLC,3048562901,True,True,"Pharmacy, Community/Retail Pharmacy",16.7,40.2,31.2,87917,2352,1,17,624.4,753242.0
1619051448,"GRIFFITH & FEIL DRUG, INC.",CAROL CISCO,KENOVA,WV,25530,3044532381,"GRIFFITH & FEIL DRUG, INC.",3044532381,True,True,"Pharmacy, Community/Retail Pharmacy",16.7,43.0,19.9,68048,6642,1,17,624.4,753242.0
1306591243,"M & S PHARMACY, LLC",RONALD MCKINNEY,PARKERSBURG,WV,26104,6815880540,"M & S PHARMACY, LLC",6815880540,True,True,"Pharmacy, Community/Retail Pharmacy",16.5,43.2,22.6,51695,16729,1,17,624.4,753242.0
1023189040,STOUTS PHARMACY INC,BRUCE PFALZGRAF,PARKERSBURG,WV,26104,3044226511,STOUTS PHARMACY INC,3044226511,True,True,Pharmacy,16.5,43.2,22.6,51695,16729,1,17,624.4,753242.0
1679764674,"CAMERON DRUG STORE, INC",CHARLES OKEL,CAMERON,WV,26033,3046862101,"CAMERON DRUG STORE, INC",3046862101,True,True,"Pharmacy, Community/Retail Pharmacy",16.4,37.4,23.1,59500,1806,1,17,624.4,753242.0
1952346397,THREE SPRINGS VILLAGE PHARMACY LLC,PATSY LONGHI,WEIRTON,WV,26062,3047232528,THREE SPRINGS VILLAGE PHARMACY LLC,3047232528,True,True,"Pharmacy, Community/Retail Pharmacy",16.3,43.6,23.7,59027,20721,1,17,624.4,753242.0
1851460703,PAUL G. STAKIAS,PAUL STAKIAS,WEIRTON,WV,26062,3047480505,PAUL G. STAKIAS,3047480505,True,True,"Pharmacy, Community/Retail Pharmacy",16.3,43.6,23.7,59027,20721,1,17,624.4,753242.0
1124030366,ANILE PHARMACY INC,DIANA SIKORA,WEIRTON,WV,26062,3047231818,ANILE PHARMACY INC,3047231818,True,True,"Pharmacy, Community/Retail Pharmacy",16.3,43.6,23.7,59027,20721,1,17,624.4,753242.0
1528275971,"CHANGE, INCORPORATED",JUDY RAVEAUX,WEIRTON,WV,26062,3047977733,"CHANGE, INCORPORATED",3047977733,True,True,"Pharmacy, Community/Retail Pharmacy",16.3,43.6,23.7,59027,20721,1,17,624.4,753242.0
1144308768,FAIRFIELD PHARMACY INC,AMOS LEMASTER,WAYNE,WV,25570,3042725122,FAIRFIELD PHARMACY INC,3042725122,True,True,"Pharmacy, Community/Retail Pharmacy",16.0,41.7,25.2,45631,6075,1,17,624.4,753242.0
1104366582,VALLEY HEALTH SYSTEMS,ASHLEY HOUVOURAS,WAYNE,WV,25570,3043993341,VALLEY HEALTH SYSTEMS,3043993341,True,True,"Pharmacy, Community/Retail Pharmacy",16.0,41.7,25.2,45631,6075,1,17,624.4,753242.0
1083156863,DAVIS BROTHERS PHARMACY INC,JEFFREY DAVIS,CHESTER,WV,26034,3043871741,DAVIS BROTHERS PHARMACY INC,3043871741,True,True,Pharmacy,15.9,42.7,28.5,57382,4555,1,17,624.4,753242.0
1982619821,FRUTH PHARMACY INC,ANDREW BECKER,MINERAL WELLS,WV,26150,3044892710,FRUTH PHARMACY INC,3044892710,True,True,"Pharmacy, Community/Retail Pharmacy",15.9,42.9,19.5,67004,5928,1,17,624.4,753242.0
1346190782,RSM PHARMACY INC,RONALD MCKINNEY,MINERAL WELLS,WV,26150,8045134726,RSM PHARMACY INC,8045134726,True,True,"Pharmacy, Community/Retail Pharmacy",15.9,42.9,19.5,67004,5928,1,17,624.4,753242.0
1447236583,"T & J ENTERPRISES, INC",ANGELA RONK,HUNTINGTON,WV,25704,3044296716,"T & J ENTERPRISES, INC",3044296716,True,True,"Pharmacy, Community/Retail Pharmacy",15.3,43.1,21.8,51646,14413,1,17,624.4,753242.0
1558435081,D & B DEVELOPMENT GROUP LLC,DANIEL BOND,VIENNA,WV,26105,3042957356,D & B DEVELOPMENT GROUP LLC,3042957356,True,True,"Pharmacy, Community/Retail Pharmacy",14.8,40.5,20.8,65549,12297,1,17,624.4,753242.0
1508808270,ECHARD DRUG CO. INC.,MICHAEL ECHARD,VIENNA,WV,26105,3042952352,ECHARD DRUG CO. INC.,3042952352,True,True,"Pharmacy, Community/Retail Pharmacy",14.8,40.5,20.8,65549,12297,1,17,624.4,753242.0
1962647719,WHITEHALL PHARMACY LLC,TERRI VILAIN,FAIRMONT,WV,26554,3043689355,WHITEHALL PHARMACY LLC,3043689355,True,True,"Pharmacy, Community/Retail Pharmacy",14.4,41.8,19.5,69271,42116,1,17,624.4,753242.0
1871538082,AMERICAN PHARMACY,JANETTE CELLAND,WHITE HALL,WV,26554,3043689123,AMERICAN PHARMACY,3043689123,True,True,"Pharmacy, Specialty Pharmacy",14.4,41.8,19.5,69271,42116,1,17,624.4,753242.0
1386131050,MED-MART PHARMACY LLC,IBRAHIM KADDOURAH,FAIRMONT,WV,26554,3043679122,MED-MART PHARMACY LLC,3043679122,True,True,Pharmacy,14.4,41.8,19.5,69271,42116,1,17,624.4,753242.0
1437252574,PLEASANT VALLEY PHARMACY,MARTIN HOFFMAN,FAIRMONT,WV,26554,3043663145,PLEASANT VALLEY PHARMACY,3043663145,True,True,"Pharmacy, Community/Retail Pharmacy",14.4,41.8,19.5,69271,42116,1,17,624.4,753242.0
1467459545,RIDER PHARMACY INC,JONATHAN RIDER,FAIRMONT,WV,26554,3043662710,RIDER PHARMACY INC,3043662710,True,True,Pharmacy,14.4,41.8,19.5,69271,42116,1,17,624.4,753242.0
1114098134,WHITE HALL PHARMACY LLC,TERRI VILAIN,FAIRMONT,WV,26554,3043689355,WHITE HALL PHARMACY LLC,3043689355,True,True,"Pharmacy, Community/Retail Pharmacy",14.4,41.8,19.5,69271,42116,1,17,624.4,753242.0
1386341998,COX FAMILY PHARMACY INC,MICHAEL COX,WILLIAMSTOWN,WV,26187,3043758130,COX FAMILY PHARMACY INC,3043758130,True,True,"Pharmacy, Community/Retail Pharmacy",14.3,40.8,24.6,80714,6100,1,17,624.4,753242.0
1942556527,MAIN STREET PHARMACY,JAWED SHERWANI,MOUNT HOPE,WV,25880,3048777923,MAIN STREET PHARMACY,3048777923,True,True,"Pharmacy, Community/Retail Pharmacy",19.0,43.9,20.2,47695,5552,1,16,624.4,753242.0
1063416790,EPPYS DRUG STORE INC,MARY WADE,BECKLEY,WV,25801,3042526331,EPPYS DRUG STORE INC,3042526331,True,True,"Pharmacy, Community/Retail Pharmacy",18.8,44.0,22.7,49370,30869,1,16,624.4,753242.0
1396158135,BP3 LLC,SID ILANGOVAN,BECKLEY,WV,25801,3042562006,BP3 LLC,3042562006,True,True,"Pharmacy, Community/Retail Pharmacy",18.8,44.0,22.7,49370,30869,1,16,624.4,753242.0
1871262741,NHP RX LLC,NATHAN PAYNE,BECKLEY,WV,25801,6812544350,NHP RX LLC,6812544350,True,True,"Pharmacy, Community/Retail Pharmacy",18.8,44.0,22.7,49370,30869,1,16,624.4,753242.0
1669026621,PREMIER PHARMACY & WELLNESS INC,KIMBERLY MILLER,BECKLEY,WV,25801,6812078510,PREMIER PHARMACY & WELLNESS INC,6812078510,True,True,"Pharmacy, Community/Retail Pharmacy",18.8,44.0,22.7,49370,30869,1,16,624.4,753242.0
1609324284,APEX PHARMACY LLC,BOB KIBLINGER,BECKLEY,WV,25801,6812077334,APEX PHARMACY LLC,6812077334,True,True,Pharmacy,18.8,44.0,22.7,49370,30869,1,16,624.4,753242.0
1750746046,"BECKLEY PHARMACY, INC.",JAWED SHERWANI,BECKLEY,WV,25801,3042561200,"BECKLEY PHARMACY, INC.",3042561200,True,True,"Pharmacy, Community/Retail Pharmacy",18.8,44.0,22.7,49370,30869,1,16,624.4,753242.0
1053418897,PROFESSIONAL PHARMACY INC,W KLUESNER,BECKLEY,WV,25801,3042525349,PROFESSIONAL PHARMACY INC,3042525349,True,True,"Pharmacy, Community/Retail Pharmacy",18.8,44.0,22.7,49370,30869,1,16,624.4,753242.0
1699818377,BECKLEY PHARMACY INC.,JAWED SHERWANI,BECKLEY,WV,25801,3042521200,BECKLEY PHARMACY INC.,3042521200,True,True,"Pharmacy, Community/Retail Pharmacy",18.8,44.0,22.7,49370,30869,1,16,624.4,753242.0
1760793772,"BYPASS PHARMACY, INC",SIDDARTHAN ILANGOVAN,BECKLEY,WV,25801,3042562006,"BYPASS PHARMACY, INC",3042562006,True,True,"Pharmacy, Community/Retail Pharmacy",18.8,44.0,22.7,49370,30869,1,16,624.4,753242.0
1326440603,COMMUNITY HEALTH SYSTEMS INC,CHARLES HUNT,BECKLEY,WV,25801,3042556800,COMMUNITY HEALTH SYSTEMS INC,3042556800,True,True,"Pharmacy, Community/Retail Pharmacy",18.8,44.0,22.7,49370,30869,1,16,624.4,753242.0
1912472069,LESTER SQUARE PHARMACY,MARGARET NJOKU,SOPHIA,WV,25921,3046832111,LESTER SQUARE PHARMACY,3046832111,True,True,"Pharmacy, Community/Retail Pharmacy",18.0,43.0,16.0,34184,2820,1,16,624.4,753242.0
1598224743,"E. A. HAWSE HEALTH CENTER, INC.",CHARLES ROHRBAUGH,PETERSBURG,WV,26847,3045306101,"E. A. HAWSE HEALTH CENTER, INC.",3045306101,True,True,"Pharmacy, Community/Retail Pharmacy",17.3,44.0,25.6,54611,5535,1,16,624.4,753242.0
1295739654,JUDYS DRUG STORE INC,EMILY JUDY,PETERSBURG,WV,26847,3042571044,JUDYS DRUG STORE INC,3042571044,True,True,"Pharmacy, Community/Retail Pharmacy",17.3,44.0,25.6,54611,5535,1,16,624.4,753242.0
1922169705,JARRELLS PHARMACY INC,DOUGLAS JARRELL,DANIELS,WV,25832,3047632442,JARRELLS PHARMACY INC,3047632442,True,True,"Pharmacy, Community/Retail Pharmacy",17.0,40.7,21.5,84020,4843,1,16,624.4,753242.0
1447693312,GLEN DANIEL PHARMACY,MELVIN JAMISON,SURVEYOR,WV,25932,3049346337,GLEN DANIEL PHARMACY,3049346337,True,True,"Pharmacy, Community/Retail Pharmacy",17.0,43.6,0.0,-666666666,228,1,16,624.4,753242.0
1043379993,HOOD'S PHARMACY INC,MELISSA HOOD,WELLSBURG,WV,26070,3047370383,HOOD'S PHARMACY INC,3047370383,True,True,"Pharmacy, Community/Retail Pharmacy",16.3,41.3,27.5,55729,7951,1,16,624.4,753242.0
1619050754,CRAB ORCHARD PHARMACY INC,RICHARD SALLAZ,CRAB ORCHARD,WV,25827,3042537474,CRAB ORCHARD PHARMACY INC,3042537474,True,True,"Pharmacy, Community/Retail Pharmacy",15.1,39.6,21.1,61146,1851,1,16,624.4,753242.0
1295755585,HOOD'S PHARMACY INC,MELISSA HOOD,FOLLANSBEE,WV,26037,3045270150,HOOD'S PHARMACY INC,3045270150,True,True,"Pharmacy, Community/Retail Pharmacy",14.9,39.5,22.8,56713,5727,1,16,624.4,753242.0
1972146314,FIVE STAR PHARMACY,LESLIE SISSON,SHADY SPRING,WV,25918,3045731114,FIVE STAR PHARMACY,3045731114,True,True,"Pharmacy, Community/Retail Pharmacy",14.6,39.5,16.6,76845,4659,1,16,624.4,753242.0
1043977101,"APPALACHIAN REGIONAL HEALTHCARE, INC",HOLLIE HARRIS,GLEN MORGAN,WV,25813,3042553590,"APPALACHIAN REGIONAL HEALTHCARE, INC",3042553590,True,True,"Pharmacy, Community/Retail Pharmacy",12.8,41.7,21.2,57500,7429,1,16,624.4,753242.0
1497001499,BYPASS PHARMACY INC,SIDDARTHAN ILANGOVAN,GLEN MORGAN,WV,25813,3042523000,BYPASS PHARMACY INC,3042523000,True,True,"Pharmacy, Community/Retail Pharmacy",12.8,41.7,21.2,57500,7429,1,16,624.4,753242.0
1447672274,VALLEY HEALTH CARE INC,SANDRA ELZA,MILL CREEK,WV,26280,3043356005,VALLEY HEALTH CARE INC,3043356005,True,True,"Pharmacy, Community/Retail Pharmacy",20.7,51.1,26.9,47386,1384,1,15,624.4,753242.0
1760772487,HEALTH FACILITIES INC,AMANDA SMITH,MILL CREEK,WV,26280,3043356005,HEALTH FACILITIES INC,3043356005,True,True,"Pharmacy, Community/Retail Pharmacy",20.7,51.1,26.9,47386,1384,1,15,624.4,753242.0
1992127062,"VALLEY HEALTH CARE, INC.",ROBERT BUTCHER,MILL CREEK,WV,26280,3043352050,"VALLEY HEALTH CARE, INC.",3043352050,True,True,"Pharmacy, Community/Retail Pharmacy",20.7,51.1,26.9,47386,1384,1,15,624.4,753242.0
1871690610,BEST CARE PHARMACY INC,MATTHEW GENIN,WESTON,WV,26452,3042693737,BEST CARE PHARMACY INC,3042693737,True,True,Pharmacy,17.2,41.0,20.1,48019,9374,1,15,624.4,753242.0
1518363241,COUNTRY RX LLC,STEPHANIE STALNAKER,JANE LEW,WV,26378,3048847890,COUNTRY RX LLC,3048847890,True,True,"Pharmacy, Community/Retail Pharmacy",16.2,39.4,25.2,66000,4639,1,15,624.4,753242.0
1295078624,"JANE LEW PHARMACY, LLC.",MATTHEW GENIN,JANE LEW,WV,26378,3048847100,"JANE LEW PHARMACY, LLC.",3048847100,True,True,"Pharmacy, Community/Retail Pharmacy",16.2,39.4,25.2,66000,4639,1,15,624.4,753242.0
1659431898,HEALTH FACILITIES INC,KIMBERLY ROBERTS,ELKINS,WV,26241,3046366767,HEALTH FACILITIES INC,3046366767,True,True,"Pharmacy, Community/Retail Pharmacy",16.0,45.5,23.5,53102,14221,1,15,624.4,753242.0
1932612504,VALLEY HEALTH CARE INC,VEVICA GRAY,ELKINS,WV,26241,3043352050,VALLEY HEALTH CARE INC,3043352050,True,True,"Pharmacy, Community/Retail Pharmacy",16.0,45.5,23.5,53102,14221,1,15,624.4,753242.0
1548779531,"VALLEY HEALTH CARE, INC.",SANDRA ELZA,ELKINS,WV,26241,3043352050,"VALLEY HEALTH CARE, INC.",3043352050,True,True,"Pharmacy, Community/Retail Pharmacy",16.0,45.5,23.5,53102,14221,1,15,624.4,753242.0
1033402359,FAST & FRIENDLY PHARMACY LLC,JOHN METHENY,ELKINS,WV,26241,3046375646,FAST & FRIENDLY PHARMACY LLC,3046375646,True,True,"Pharmacy, Community/Retail Pharmacy",16.0,45.5,23.5,53102,14221,1,15,624.4,753242.0
1912977588,MEDI-SAVE PHARMACY INC,CHRISTOPHER IAMES,KEYSER,WV,26726,3047886010,MEDI-SAVE PHARMACY INC,3047886010,True,True,"Pharmacy, Community/Retail Pharmacy",14.7,38.8,23.0,68189,12619,1,15,624.4,753242.0
1730777178,RECOVERY CARE LLC,HEATHER ROSEN,KEYSER,WV,26726,3047907467,RECOVERY CARE LLC,3047907467,True,True,"Pharmacy, Community/Retail Pharmacy",14.7,38.8,23.0,68189,12619,1,15,624.4,753242.0
1043221690,REEDS DRUG STORE LLC,JARVIS REED,KEYSER,WV,26726,3047881643,REEDS DRUG STORE LLC,3047881643,True,True,"Pharmacy, Community/Retail Pharmacy",14.7,38.8,23.0,68189,12619,1,15,624.4,753242.0
1649337999,SAVALOT PHCY OF FT ASHBY INC,JOHN DASKAL,FT ASHBY,WV,26719,3042983639,SAVALOT PHCY OF FT ASHBY INC,3042983639,True,True,"Pharmacy, Community/Retail Pharmacy",13.6,38.3,32.8,47011,2020,1,15,624.4,753242.0
1457605933,"BEDFORD ROAD PHARMACY, INC",JOHN BALCH,FORT ASHBY,WV,26719,1234567890,"BEDFORD ROAD PHARMACY, INC",1234567890,True,True,"Pharmacy, Community/Retail Pharmacy",13.6,38.3,32.8,47011,2020,1,15,624.4,753242.0
1962876110,PRESTON-TAYLOR COMMUNITY HEALTH CENTERS INCORPORATED,KRISTEN WHITE,THOMAS,WV,26292,3044634200,PRESTON-TAYLOR COMMUNITY HEALTH CENTERS INCORPORATED,3044634200,True,True,Pharmacy,17.4,38.0,40.9,55333,712,1,14,624.4,753242.0
1497797724,MICHELS PHARMACY INC,DANIEL ROCK,WEST UNION,WV,26456,3048731010,MICHELS PHARMACY INC,3048731010,True,True,"Pharmacy, Community/Retail Pharmacy",16.8,40.7,29.1,66071,3258,1,14,624.4,753242.0
1326064288,HEALTH FACILITIES INC,AMANDA SMITH,PARSONS,WV,26287,3044782319,HEALTH FACILITIES INC,3044782319,True,True,"Pharmacy, Community/Retail Pharmacy",16.8,40.1,22.1,52660,2967,1,14,624.4,753242.0
1679247050,COMMUNITY CARE OF WEST VIRGINIA,JOSHUA DUNN,CLARKSBURG,WV,26301,3048485898,COMMUNITY CARE OF WEST VIRGINIA,3048485898,True,True,"Pharmacy, Community/Retail Pharmacy",16.8,42.0,19.5,49773,29025,1,14,624.4,753242.0
1285358333,VICTORY PHARMACY LLC,ERIC SCHNEIDER,CLARKSBURG,WV,26301,3049189037,VICTORY PHARMACY LLC,3049189037,True,True,"Pharmacy, Community/Retail Pharmacy",16.8,42.0,19.5,49773,29025,1,14,624.4,753242.0
1518946276,TOWN & COUNTRY DRUG STORE INC,RANDY WILLIAMS,STONEWOOD,WV,26301,3046245433,TOWN & COUNTRY DRUG STORE INC,3046245433,True,True,"Pharmacy, Community/Retail Pharmacy",16.8,42.0,19.5,49773,29025,1,14,624.4,753242.0
1891871844,BYARD-MERCER PHARMACY INC,DANIEL ROGERS,CLARKSBURG,WV,26301,3046245679,BYARD-MERCER PHARMACY INC,3046245679,True,True,"Pharmacy, Community/Retail Pharmacy",16.8,42.0,19.5,49773,29025,1,14,624.4,753242.0
1588733430,NEWPOINTE PHARMACY LLC,MICHAEL KOVACK,CLARKSBURG,WV,26301,3044235000,NEWPOINTE PHARMACY LLC,3044235000,True,True,"Pharmacy, Community/Retail Pharmacy",16.8,42.0,19.5,49773,29025,1,14,624.4,753242.0
1790780377,BLANDS DRUG STORE,BRENDA FOX,CLARKSBURG,WV,26301,3046245491,BLANDS DRUG STORE,3046245491,True,True,"Pharmacy, Compounding Pharmacy",16.8,42.0,19.5,49773,29025,1,14,624.4,753242.0
1063667947,BRIDGEPORT PHARMACY INC,SAAD MOSSALLATI,NUTTER FORT,WV,26301,3046240974,BRIDGEPORT PHARMACY INC,3046240974,True,True,"Pharmacy, Community/Retail Pharmacy",16.8,42.0,19.5,49773,29025,1,14,624.4,753242.0
1073737003,PROCARE PHARMACY INC.,YVONNE WEST,SHINNSTON,WV,26431,3045922680,PROCARE PHARMACY INC.,3045922680,True,True,"Pharmacy, Community/Retail Pharmacy",16.3,41.5,20.9,53803,5899,1,14,624.4,753242.0
1326034141,"LUMBERPORT PHARMACY, INC",JOHN COLER,LUMBERPORT,WV,26386,7404527655,"LUMBERPORT PHARMACY, INC",7404527655,True,True,"Pharmacy, Community/Retail Pharmacy",16.1,41.1,16.2,64073,2529,1,14,624.4,753242.0
1053344705,ASSOCIATED PHARMACISTS INC,DANIEL ROCK,SALEM,WV,26426,3047822171,ASSOCIATED PHARMACISTS INC,3047822171,True,True,"Pharmacy, Community/Retail Pharmacy",15.8,41.0,18.7,52009,7302,1,14,624.4,753242.0
1922197490,VILLAGE PHARMACY INC,RANDY WILLIAMS,LOST CREEK,WV,26385,3047453301,VILLAGE PHARMACY INC,3047453301,True,True,"Pharmacy, Community/Retail Pharmacy",15.4,39.8,21.4,73026,3021,1,14,624.4,753242.0
1063516029,GIL-CO FAITH PHARMACY INC.,AIMEE HARTSHORN,GLENVILLE,WV,26351,3044628300,GIL-CO FAITH PHARMACY INC.,3044628300,True,True,"Pharmacy, Community/Retail Pharmacy",15.3,44.7,11.7,50865,4635,1,14,624.4,753242.0
1639982119,"COMMUNITY CARE OF WEST VIRGINIA, INC.",DORA POTASNIK,BRIDGEPORT,WV,26330,3048485774,"COMMUNITY CARE OF WEST VIRGINIA, INC.",3048485774,True,True,"Pharmacy, Community/Retail Pharmacy",13.0,36.7,20.3,86843,15130,1,14,624.4,753242.0
1609432459,BRX LLC,ERIC BELLDINA,BRIDGEPORT,WV,26330,3048427979,BRX LLC,3048427979,True,True,"Pharmacy, Community/Retail Pharmacy",13.0,36.7,20.3,86843,15130,1,14,624.4,753242.0
1396176756,WILLO GROUP,LORI SPATAFORE,BRIDGEPORT,WV,26330,3048489500,WILLO GROUP,3048489500,True,True,"Pharmacy, Community/Retail Pharmacy",13.0,36.7,20.3,86843,15130,1,14,624.4,753242.0
1275834780,"BEST CARE PHARMACY OF BRIDGEPORT, LLC",ALEXANDER LEWIS,BRIDGEPORT,WV,26330,3048487880,"BEST CARE PHARMACY OF BRIDGEPORT, LLC",3048487880,True,True,"Pharmacy, Community/Retail Pharmacy",13.0,36.7,20.3,86843,15130,1,14,624.4,753242.0
1265847503,BRIDGEPORT PHARMACY INC,MUHAMMAD SALMAN,BRIDGEPORT,WV,26330,3049333880,BRIDGEPORT PHARMACY INC,3049333880,True,True,"Pharmacy, Community/Retail Pharmacy",13.0,36.7,20.3,86843,15130,1,14,624.4,753242.0
1851717557,BRIDGEPORT PRESCRIPTION SHOP LLC,THOMAS RAVIS,BRIDGEPORT,WV,26330,3048423223,BRIDGEPORT PRESCRIPTION SHOP LLC,3048423223,True,True,"Pharmacy, Community/Retail Pharmacy",13.0,36.7,20.3,86843,15130,1,14,624.4,753242.0
1538445101,MOUNTAINEER MEDICAL OFFICE BUILDING PHARMACY,CHARLES BRADLEY FRANZ,BRIDGEPORT,WV,26330,3044235200,MOUNTAINEER MEDICAL OFFICE BUILDING PHARMACY,3044235200,True,True,"Pharmacy, Community/Retail Pharmacy",13.0,36.7,20.3,86843,15130,1,14,624.4,753242.0
1134569668,MOUNTAINEER MEDICAL PHARMACY LLC,MICHAEL KOVACK,BRIDGEPORT,WV,26330,3044235200,MOUNTAINEER MEDICAL PHARMACY LLC,3044235200,True,True,"Pharmacy, Community/Retail Pharmacy",13.0,36.7,20.3,86843,15130,1,14,624.4,753242.0
1710908777,PRESCRIPTION SHOP LLC,ADAM STARKEY,BRIDGEPORT,WV,26330,3048423763,PRESCRIPTION SHOP LLC,3048423763,True,True,"Pharmacy, Community/Retail Pharmacy",13.0,36.7,20.3,86843,15130,1,14,624.4,753242.0
1639344013,GREGGS PHARMACY WV INC,CAROL GREGG,TERRA ALTA,WV,26764,3047892200,GREGGS PHARMACY WV INC,3047892200,True,True,"Pharmacy, Community/Retail Pharmacy",18.2,39.3,20.4,54604,4349,1,12,624.4,753242.0
1700891645,FRUTH PHARMACY INC,ANDREW BECKER,POINT PLEASANT,WV,25550,3046752303,FRUTH PHARMACY INC,3046752303,True,True,"Pharmacy, Community/Retail Pharmacy",17.6,41.4,26.3,49940,8925,1,12,624.4,753242.0
1497277339,NEW HAVEN HEALTH-AID PHARMACY LLC,TRACY CLARK,NEW HAVEN,WV,25265,3048822005,NEW HAVEN HEALTH-AID PHARMACY LLC,3048822005,True,True,"Pharmacy, Community/Retail Pharmacy",15.9,39.6,21.7,63333,1616,1,12,624.4,753242.0
1336856988,NEW HAVEN RX LLC,HELI CHAUDHARI,NEW HAVEN,WV,25265,3048822005,NEW HAVEN RX LLC,3048822005,True,True,"Pharmacy, Community/Retail Pharmacy",15.9,39.6,21.7,63333,1616,1,12,624.4,753242.0
1962982652,NEW HAVEN PHARMACY LLC,VINIT PATEL,NEW HAVEN,WV,25265,3048822005,NEW HAVEN PHARMACY LLC,3048822005,True,True,"Pharmacy, Community/Retail Pharmacy",15.9,39.6,21.7,63333,1616,1,12,624.4,753242.0
1508277021,4 GUYZ LLC,MICHAEL LEMASTERS,KINGWOOD,WV,26537,3043296979,4 GUYZ LLC,3043296979,True,True,"Pharmacy, Community/Retail Pharmacy",15.5,36.8,23.1,57788,5392,1,12,624.4,753242.0
1750379632,KINGWOOD PHARMACY LLC,JENNIFER REESE,KINGWOOD,WV,26537,3043293600,KINGWOOD PHARMACY LLC,3043293600,True,True,"Pharmacy, Community/Retail Pharmacy",15.5,36.8,23.1,57788,5392,1,12,624.4,753242.0
1053474155,MAIN PHARMACY,LYDIA MAIN,MASONTOWN,WV,26542,3048645711,MAIN PHARMACY,3048645711,True,True,"Pharmacy, Community/Retail Pharmacy",15.3,36.1,22.1,59063,2120,1,12,624.4,753242.0
1437159464,JEFFERSON PHARMACY INC,SCOTT BOYD,RANSON,WV,25438,3047256533,JEFFERSON PHARMACY INC,3047256533,True,True,Pharmacy,14.8,41.6,14.8,82825,7356,1,12,624.4,753242.0
1922196732,KATHY COLLINS MCNEILL,KATHY MCNEILL,REEDSVILLE,WV,26547,3048646935,KATHY COLLINS MCNEILL,3048646935,True,True,"Pharmacy, Community/Retail Pharmacy",14.4,37.8,17.8,67284,3001,1,12,624.4,753242.0
1194127696,"CITY PHARMACY OF CHARLES TOWN, INC",DAVID WASANYI,CHARLES TOWN,WV,25414,5403276140,"CITY PHARMACY OF CHARLES TOWN, INC",5403276140,True,True,"Pharmacy, Community/Retail Pharmacy",13.5,38.5,15.9,101020,20273,1,12,624.4,753242.0
1386288264,BFPRX LLC,ERIC BELLDINA,BRUCETON MILLS,WV,26525,3043796919,BFPRX LLC,3043796919,True,True,"Pharmacy, Community/Retail Pharmacy",12.9,39.3,15.8,80938,8390,1,12,624.4,753242.0
1902223340,BRUCETON PHARMACY,SCOTT TINGLER,BRUCETON MILLS,WV,26525,3043796929,BRUCETON PHARMACY,3043796929,True,True,"Pharmacy, Community/Retail Pharmacy",12.9,39.3,15.8,80938,8390,1,12,624.4,753242.0
1033417530,SHPH LLC,KRISTINE KNOTT,SHEPHERDSTOWN,WV,25443,3048769966,SHPH LLC,3048769966,True,True,"Pharmacy, Community/Retail Pharmacy",12.1,34.9,18.1,103933,7298,1,12,624.4,753242.0
1366179616,"COMMUNITY CARE OF WEST VIRGINIA, INC.",DORA POTASNIK,GREEN BANK,WV,24944,3044563333,"COMMUNITY CARE OF WEST VIRGINIA, INC.",3044563333,True,True,"Pharmacy, Community/Retail Pharmacy",20.6,42.7,13.0,59712,331,1,11,624.4,753242.0
1043528482,"MORGANTOWN DRUG COMPANY, LLC",TIM ROBBINS,GREEN BANK,WV,24944,3044563333,"MORGANTOWN DRUG COMPANY, LLC",3044563333,True,True,"Pharmacy, Community/Retail Pharmacy",20.6,42.7,13.0,59712,331,1,11,624.4,753242.0
1497581078,"COMMUNITY CARE OF WEST VIRGINIA, INC.",DORA POTASNIK,MARLINTON,WV,24954,6818752221,"COMMUNITY CARE OF WEST VIRGINIA, INC.",6818752221,True,True,"Pharmacy, Community/Retail Pharmacy",19.3,41.1,29.3,38203,2973,1,11,624.4,753242.0
1598935140,BAT JAC OF SOUTH CAROLINA,TIMOTHY ROBBINS,MARLINTON,WV,24954,3047994944,BAT JAC OF SOUTH CAROLINA,3047994944,True,True,"Pharmacy, Community/Retail Pharmacy",19.3,41.1,29.3,38203,2973,1,11,624.4,753242.0
1215009014,HOGE DAVIS DRUG CO,ANTHONY MARTINO,WHEELING,WV,26003,3042421500,HOGE DAVIS DRUG CO,3042421500,True,True,"Pharmacy, Community/Retail Pharmacy",15.6,39.7,24.8,58625,40445,1,11,624.4,753242.0
1033281837,J C ENTERPRISES INC,JUDITH CARPENTER,WHEELING,WV,26003,3042324984,J C ENTERPRISES INC,3042324984,True,True,"Pharmacy, Community/Retail Pharmacy",15.6,39.7,24.8,58625,40445,1,11,624.4,753242.0
1568903649,ALECTO HEALTHCARE SERVICES WHEELING LLC,MICHAEL SARRAO,WHEELING,WV,26003,3042192822,ALECTO HEALTHCARE SERVICES WHEELING LLC,3042192822,True,True,"Pharmacy, Community/Retail Pharmacy",15.6,39.7,24.8,58625,40445,1,11,624.4,753242.0
1811381585,WHEELING HEALTH RIGHT PHARMACY,DONALD REBICH,WHEELING,WV,26003,3042333868,WHEELING HEALTH RIGHT PHARMACY,3042333868,True,True,"Pharmacy, Community/Retail Pharmacy",15.6,39.7,24.8,58625,40445,1,11,624.4,753242.0
1083820229,"DEFELICECARE, INC.",LESLIE DEFELICE,WHEELING,WV,26003,3042324210,"DEFELICECARE, INC.",3042324210,True,True,"Pharmacy, Community/Retail Pharmacy",15.6,39.7,24.8,58625,40445,1,11,624.4,753242.0
1548343049,"GOMPERS PHARMACY, INC.",MATTHEW GOMPERS,WHEELING,WV,26003,3042340002,"GOMPERS PHARMACY, INC.",3042340002,True,True,"Pharmacy, Community/Retail Pharmacy",15.6,39.7,24.8,58625,40445,1,11,624.4,753242.0
