display_name,owner_name,city,state,zip,phone,grade,outreach_priority,segment,est_monthly_glp1_fills,est_annual_loss,final_score
SRI SAI GANESH INC,RANJITH BOMPELLI,SALEM,NJ,08079,8569354800,C,Conditional,GLP-1 Loss,230,109020.0,68.6
SAKER SHOPRITES INC,PAUL FELLER,MANCHESTER,NJ,08759,7326570099,C,Conditional,GLP-1 Loss,231,109488.0,68.3
RAJSHIL LLC,ALOK PATEL,WHITING,NJ,08759,7323504535,C,Conditional,GLP-1 Loss,231,109488.0,68.3
CURE RX PHARMACY PC,SHARIF ELMENCHAWY,TOMS RIVER,NJ,08757,7328314094,C,Conditional,GLP-1 Loss,228,108072.0,67.8
SPINTRACH PHARMACY INC,PHILIP TRACHTENBERG,PENNSVILLE,NJ,08070,8566782122,C,Conditional,GLP-1 Loss,214,101436.0,65.4
ELEVATE USA CONSULTING INC,CHINTAN SHAH,ATLANTIC CITY,NJ,08401,6093458901,C,Conditional,GLP-1 Loss,238,112812.0,65.2
DEVDARSHAN INC,RAKESH KUNDALIA,ATLANTIC CITY,NJ,08401,6099576499,C,Conditional,GLP-1 Loss,238,112812.0,65.2
ZARA PHARMACEUTICAL CORP,ABAID CHEEMA,TRENTON,NJ,08608,6095713565,C,Conditional,GLP-1 Loss,233,110448.0,63.9
NATHJI PLUS INC,HIREN PATEL,WILLINGBORO,NJ,08046,6098777600,C,Conditional,GLP-1 Loss,228,108072.0,63.8
A-Z MEDICAL SYSTEMS INC,MOHAMMAD KHAN,PATERSON,NJ,07505,9739173175,C,Conditional,GLP-1 Loss,237,112344.0,63.7
KHADIJA MAHEEN PHARMACY INC,HUMAIRA SULEHRI,PATERSON,NJ,07505,9732470786,C,Conditional,GLP-1 Loss,237,112344.0,63.7
GCRX INC,GERALDINE OKWUONU,PATERSON,NJ,07505,7328534895,C,Conditional,GLP-1 Loss,237,112344.0,63.7
GRAND STREET PHARMACY LLC,RAMESH GAJJAR,PATERSON,NJ,07505,9733746480,C,Conditional,GLP-1 Loss,237,112344.0,63.7
AMERICAN RX LLC,ROSS WAGNER,MILLVILLE,NJ,08332,8565068556,C,Conditional,GLP-1 Loss,225,106656.0,63.4
PHARMACY OPERATIONS INC,DENA FERMAN,CAPE MAY COURT HOUSE,NJ,08210,6094630909,C,Conditional,GLP-1 Loss,212,100488.0,63.3
LIBERTY HEALTHCARE PHARMACY LLC,FURQAN MUHAMMAD,NEWARK,NJ,07114,9738242627,C,Conditional,GLP-1 Loss,229,108552.0,63.1
METRO PHARMACY II LLC,RAJESH PIPALIA,NEWARK,NJ,07114,9734240045,C,Conditional,GLP-1 Loss,229,108552.0,63.1
SAKER SHOPRITES INC,PAUL FELLER,WARETOWN,NJ,08758,6099716002,C,Conditional,GLP-1 Loss,207,98112.0,63.0
BARNEGAT PHARMACY LLC,JAY GRECO,BARNEGAT,NJ,08005,6096601111,C,Conditional,GLP-1 Loss,206,97644.0,62.7
JAI MAHARAJ RX CORP,RONAK PATEL,BARNEGAT,NJ,08005,6096982200,C,Conditional,GLP-1 Loss,206,97644.0,62.7
PHARMACY OPERATIONS INC,DENA FERMAN,BARNEGAT,NJ,08005,6096982200,C,Conditional,GLP-1 Loss,206,97644.0,62.7
MEDSCRIPTS PHARMACY LLC,JASWINDER SEHGAL,JAMESBURG,NJ,08831,7325217777,C,Conditional,GLP-1 Loss,208,98592.0,62.6
POINT OF CARE PHARMACY,TATYANNA ORLOVA,JAMESBURG,NJ,08831,7326412664,C,Conditional,GLP-1 Loss,208,98592.0,62.6
"DIRX, INC.",RIMA ARORA,MONROE,NJ,08831,6097213729,C,Conditional,GLP-1 Loss,208,98592.0,62.6
JENNIFER DEO,JENNIFER DEO,MONROE TOWNSHIP,NJ,08831,6093959330,C,Conditional,GLP-1 Loss,208,98592.0,62.6
UNLIMITED DRUGS INC.,YASMEEN ASSAF,PATERSON,NJ,07514,9737426556,C,Conditional,GLP-1 Loss,232,109968.0,62.2
SAIMZ PHARMACY,AHMED SOLIMAN,PATERSON,NJ,07514,9737824444,C,Conditional,GLP-1 Loss,232,109968.0,62.2
NIDHU LLC,JAINEN SHAH,BELVIDERE,NJ,07823,9084751421,C,Conditional,GLP-1 Loss,211,100008.0,61.9
AHY PHARMA INC,YADAGIRI PENDYALA,ELMER,NJ,08318,8568652365,C,Conditional,GLP-1 Loss,206,97644.0,61.9
"BOYD'S PHARMACY OF PEMBERTON, INC.",THOMAS GRECO,PEMBERTON,NJ,08068,6098948288,C,Conditional,GLP-1 Loss,217,102864.0,61.8
CORNERSTONE PHARMACY 1 LLC,ASHLEY STETSENKO,VINELAND,NJ,08360,6098053044,C,Conditional,GLP-1 Loss,225,106656.0,61.8
HERNANDO'S HOMETOWN PHARMACY LLC,HERNANDO PEREZ,VINELAND,NJ,08360,8566913784,C,Conditional,GLP-1 Loss,225,106656.0,61.8
"BOYD'S PHARMACY OF MANSFIELD, INC",THOMAS GRECO,COLUMBUS,NJ,08022,6092987474,C,Conditional,GLP-1 Loss,204,96696.0,61.5
GATEWAY PHARMACY INC,AVNER KHAIMOV,NEWARK,NJ,07102,9737326900,C,Conditional,GLP-1 Loss,215,101904.0,61.5
ROYAL APOTHECARY LLC,PURVI SHAH,NEWARK,NJ,07102,9738775174,C,Conditional,GLP-1 Loss,215,101904.0,61.5
ROYAL APOTHECARY LLC,PURVI SHAH,NEWARK,NJ,07102,9738775174,C,Conditional,GLP-1 Loss,215,101904.0,61.5
VP DRUGS LLC,LARISA DAVYDOVA,NEWARK,NJ,07102,8627720442,C,Conditional,GLP-1 Loss,215,101904.0,61.5
AJARI INC.,NWALA GABRIEL,NEWARK,NJ,07102,9736220114,C,Conditional,GLP-1 Loss,215,101904.0,61.5
ARC CORE PHARMACY LLC,RAJESH PIPALIA,NEWARK,NJ,07102,9736391900,C,Conditional,GLP-1 Loss,215,101904.0,61.5
ENCHIME LLC,KALPESHKUMAR DAVE,NEWARK,NJ,07102,9736002451,C,Conditional,GLP-1 Loss,215,101904.0,61.5
NEWARK NEW PHARMACY LLC,METRY HABASHY,NEWARK,NJ,07102,9735003660,C,Conditional,GLP-1 Loss,215,101904.0,61.5
RUTGERS NEWARK CAMPUS PHARMACY,ERIN CARDUCCI,NEWARK,NJ,07102,9733535201,C,Conditional,GLP-1 Loss,215,101904.0,61.5
THE PRIME RITE CORPORATION,CHIBUEZE ADIELE,NEWARK,NJ,07102,9736438989,C,Conditional,GLP-1 Loss,215,101904.0,61.5
SPOTSWOOD PHARMACY LLC,MOHAMED HILLAL,SPOTSWOOD,NJ,08884,7329556060,C,Conditional,GLP-1 Loss,207,98112.0,61.4
ERNCO INC,EDWARD SAKOWSKI,TABERNACLE,NJ,08088,6092686000,C,Conditional,GLP-1 Loss,203,96216.0,61.3
TIKVAH RX LLC,AKSHAR PATEL,TOMS RIVER,NJ,08755,6789779009,C,Conditional,GLP-1 Loss,205,97176.0,61.2
AJIM INC,SHIMA IQBAL,EAST ORANGE,NJ,07018,9736736800,C,Conditional,GLP-1 Loss,221,104760.0,61.0
CENTRAL AVE PHARMACY LLC,ELMOATAZBELLAH TAMMAA,EAST ORANGE,NJ,07018,9736665363,C,Conditional,GLP-1 Loss,221,104760.0,61.0
E&M PHARMACY LLC,METRY HABASHY,EAST ORANGE,NJ,07018,9732669900,C,Conditional,GLP-1 Loss,221,104760.0,61.0
EAST ORANGE PHARMACY EVERGREEEN LLC,TIM CHIU,EAST ORANGE,NJ,07018,8624447188,C,Conditional,GLP-1 Loss,221,104760.0,61.0
MIKES PHARMACY LLC,METRY HABASHY,EAST ORANGE,NJ,07018,9732669900,C,Conditional,GLP-1 Loss,221,104760.0,61.0
PHARMACY 1 INC,PETER MASSAK,EAST ORANGE,NJ,07018,9732667877,C,Conditional,GLP-1 Loss,221,104760.0,61.0
SENELORM LLC,KENNETH SENELORM,EAST ORANGE,NJ,07018,9733952713,C,Conditional,GLP-1 Loss,221,104760.0,61.0
UNIVERSAL HERITAGE COMPANY LLC,JEPHTE ALEXANDRE,NEWARK,NJ,07106,9735813950,C,Conditional,GLP-1 Loss,221,104760.0,60.5
MICRIMAR INC,CARL VIOLA,CAMDEN,NJ,08103,8565411300,C,Conditional,GLP-1 Loss,232,109968.0,60.4
WYATT'S TORCH,ANTONIO MINNITI,CAMDEN,NJ,08103,8569634742,C,Conditional,GLP-1 Loss,232,109968.0,60.4
RXD PHARMACY OF NJ INC,ROBERT MILNER,CAMDEN,NJ,08103,8569641399,C,Conditional,GLP-1 Loss,232,109968.0,60.4
VLV ORANGE PHARMACY INC,NAILA AHMED,ORANGE,NJ,07050,9736772800,C,Conditional,GLP-1 Loss,221,104760.0,60.2
ORANGE NEW PHARMACY LLC,METRY HABASHY,ORANGE,NJ,07050,9732661002,C,Conditional,GLP-1 Loss,221,104760.0,60.2
JNJ PHARMA LLC,SIDRA NAZ,HAMMONTON,NJ,08037,6095610825,C,Conditional,GLP-1 Loss,207,98112.0,60.2
"MEDILINK HOMECARE, INC.",SOHAIL MASOOD,HAMMONTON,NJ,08037,6095672241,C,Conditional,GLP-1 Loss,207,98112.0,60.2
"MEDILINK RXCARE HAMMONTON, LLC",SOTIRIA TZAFEROS,HAMMONTON,NJ,08037,6099561900,C,Conditional,GLP-1 Loss,207,98112.0,60.2
SHIVITA RX LLC,KETANKUMAR PATEL,FORKED RIVER,NJ,08731,6096225507,C,Conditional,GLP-1 Loss,200,94800.0,60.1
"FORKED RIVER RX, LLC",HEMIL KHANDWALA,FORKED RIVER,NJ,08731,6092421400,C,Conditional,GLP-1 Loss,200,94800.0,60.1
SHP HOPELAWN LLC,RAMY SAAD,HOPELAWN,NJ,08861,7329346134,C,Conditional,GLP-1 Loss,225,106656.0,59.9
CAREPOINT PHARMACY PERTH AMBOY LLC,SNEHAL SHAH,PERTH AMBOY,NJ,08861,7324424478,C,Conditional,GLP-1 Loss,225,106656.0,59.9
CENTRAL JERSEY PHARMACY LLC,NINGRONG ZHANG,PERTH AMBOY,NJ,08861,7329792410,C,Conditional,GLP-1 Loss,225,106656.0,59.9
"FERNIK, LLC",FERNANDO OLIVEIRA,PERTH AMBOY,NJ,08861,7324426442,C,Conditional,GLP-1 Loss,225,106656.0,59.9
VISAI PHARMACY INC,MADHAVI DUDDELLA,PERTH AMBOY,NJ,08861,7329973900,C,Conditional,GLP-1 Loss,225,106656.0,59.9
ADHIPATI,HIRAL PATEL,BRICK,NJ,08724,8482413129,C,Conditional,GLP-1 Loss,201,95280.0,59.9
DHARMSUTAY LLC,KETANKUMAR PATEL,BRICK,NJ,08724,7328616577,C,Conditional,GLP-1 Loss,201,95280.0,59.9
VILLAGE SUPER MARKET OF NJ LP,MELISSA FIGUEROA-RIVERA,MARMORA,NJ,08223,6099271070,C,Conditional,GLP-1 Loss,198,93852.0,59.7
CAPE VILLAGE PHARMACIES INC,JOHN BRITTIN,MARMORA,NJ,08223,6093909594,C,Conditional,GLP-1 Loss,198,93852.0,59.7
SHORE PHARMACY CORP,TUSHAR PATEL,NEPTUNE,NJ,07753,7329889411,C,Conditional,GLP-1 Loss,217,102864.0,59.6
VRAJ PHARMACY CORP,JAYESH LALIWALA,NEPTUNE CITY,NJ,07753,7324558102,C,Conditional,GLP-1 Loss,217,102864.0,59.6
EPIC PHARMACY,MAXWELL ATTA,NEWARK,NJ,07112,8003956577,C,Conditional,GLP-1 Loss,218,103332.0,59.5
JERSEY CHEMISTS INC,WILLIAM YANKOVICH,NEWARK,NJ,07112,9733682925,C,Conditional,GLP-1 Loss,218,103332.0,59.5
RACHIT DRUG INCORPORATED,KIRAN DALAL,NEWARK,NJ,07112,9739260191,C,Conditional,GLP-1 Loss,218,103332.0,59.5
RMN INC,DEVANG NAGRECHA,NEWARK,NJ,07112,9739269702,C,Conditional,GLP-1 Loss,218,103332.0,59.5
"LSC PHARMACY SERVICES, INC.",JOSEPH VOELKEL,NEWARK,NJ,07112,9739267422,C,Conditional,GLP-1 Loss,218,103332.0,59.5
RXD PHARMACY OF NJ INC,ROBERT MILNER,CAMDEN,NJ,08102,8563657090,C,Conditional,GLP-1 Loss,230,109020.0,59.4
STATE STREET PHARMACY,CRAIG LEHRMAN,CAMDEN,NJ,08102,8565413450,C,Conditional,GLP-1 Loss,230,109020.0,59.4
DIRECT MEDS OF TRENTON LLC,MUNR KAZMIR,EWING,NJ,08618,6093221226,C,Conditional,GLP-1 Loss,215,101904.0,59.3
BALANCE GROUP LLC,GUZEL ZOLKORNYAEVA,TRENTON,NJ,08618,6095035887,C,Conditional,GLP-1 Loss,215,101904.0,59.3
"HENRY J. AUSTIN HEALTH CENTER, INC.",CHARLES DAVIS,TRENTON,NJ,08618,6092785931,C,Conditional,GLP-1 Loss,215,101904.0,59.3
"BORO HALL HEALTHCARE, INC.",SUNIL PAMNANI,MIDDLESEX,NJ,08846,7329680414,C,Conditional,GLP-1 Loss,206,97644.0,59.2
"SAM'S EAST, INC",KARI BAKER,PLEASANTVILLE,NJ,08232,6094852047,C,Conditional,GLP-1 Loss,226,107124.0,59.0
A&M PHARMACY DEPARTMENT,AHMED ABDELRAHMAN,IRVINGTON,NJ,07111,9733718400,C,Conditional,GLP-1 Loss,215,101904.0,58.9
IRVINGTON PHARMACY LLC,HARSH PATEL,IRVINGTON,NJ,07111,8622552804,C,Conditional,GLP-1 Loss,215,101904.0,58.9
KINGS CHOICE PHARMACY INC,FRANCIS BEDIAKO,IRVINGTON,NJ,07111,9733753999,C,Conditional,GLP-1 Loss,215,101904.0,58.9
SPRINGFIELD DRUGS INC,ADEL YOUSSEF,IRVINGTON,NJ,07111,8627723871,C,Conditional,GLP-1 Loss,215,101904.0,58.9
BRIAR HILL PHARMACY INC,MOHAMED MOHAMED,IRVINGTON,NJ,07111,9733742001,C,Conditional,GLP-1 Loss,215,101904.0,58.9
MOE'S PHARMACY LLC,MUHAMMAD WAQAR,IRVINGTON,NJ,07111,9733730620,C,Conditional,GLP-1 Loss,215,101904.0,58.9
"MPRL PHARMACY, INC",MARC GREENE,IRVINGTON,NJ,07111,9733736038,C,Conditional,GLP-1 Loss,215,101904.0,58.9
"CUREXA- EAST II, LLC",MARK TAYLOR,GALLOWAY,NJ,08205,8559270390,C,Conditional,GLP-1 Loss,205,97176.0,58.7
PHARMACY OPERATIONS INC,DENA FERMAN,GALLOWAY,NJ,08205,6097482449,C,Conditional,GLP-1 Loss,205,97176.0,58.7
LEO HOPP PHARMACY LLC,TRIVIKRAM KANUMURI,NEWARK,NJ,07107,9734827732,C,Conditional,GLP-1 Loss,214,101436.0,58.6
MEERA INC,AVANI SHETH,NEWARK,NJ,07107,9734828220,C,Conditional,GLP-1 Loss,214,101436.0,58.6
SCRIPT SHOP LLC,NEEL PATEL,NEWARK,NJ,07107,9734822648,C,Conditional,GLP-1 Loss,214,101436.0,58.6
UNITED DRUGS APOTHECARY,KHILAT ABBAS,NEWARK,NJ,07107,9734829300,C,Conditional,GLP-1 Loss,214,101436.0,58.6
UNITED DRUGS RX LLC,SHAMS MAMUN,NEWARK,NJ,07107,9734829300,C,Conditional,GLP-1 Loss,214,101436.0,58.6
IPSN PHARMACY LLC,SRIPRIYA NANDI,NEWARK,NJ,07107,9739006990,C,Conditional,GLP-1 Loss,214,101436.0,58.6
LAKSHMI PHARMACY INC,UMESH PATEL,NEWARK,NJ,07107,9738780220,C,Conditional,GLP-1 Loss,214,101436.0,58.6
ST PETER PHARMACY,PETER MASSAK,NEWARK,NJ,07107,8622409311,C,Conditional,GLP-1 Loss,214,101436.0,58.6
VILLAGE SUPER MARKET OF NJ LP,MELISSA FIGUEROA RIVERA,OLD BRIDGE,NJ,08857,7327273534,C,Conditional,GLP-1 Loss,204,96696.0,58.5
"HACKENSACK MERIDIAN AMBULATORY CARE, INC",ROBERT SCHENK,OLD BRIDGE,NJ,08857,7323603450,C,Conditional,GLP-1 Loss,204,96696.0,58.5
"HACKENSACK MERIDIAN AMBULATORY CARE, INC",ROBERT SCHENK,OLD BRIDGE,NJ,08857,7323603450,C,Conditional,GLP-1 Loss,204,96696.0,58.5
"OLD BRIDGE RX, LLC",NEELAM CHAND,OLD BRIDGE,NJ,08857,7322547800,C,Conditional,GLP-1 Loss,204,96696.0,58.5
TEXAS ROAD OLD BRIDGE LLC,AMR HILLAL,OLD BRIDGE,NJ,08857,7327231101,C,Conditional,GLP-1 Loss,204,96696.0,58.5
VIRISAAR PHARMACY INC,KIRAN TAVVA,OLD BRIDGE,NJ,08857,7326796000,C,Conditional,GLP-1 Loss,204,96696.0,58.5
ST JOSEPH PHARMACY INC,HAFIZ REHMAN,PHILLIPSBURG,NJ,08865,9084540777,C,Conditional,GLP-1 Loss,208,98592.0,58.5
BEDMINSTER SPECIALTY PHARMACY INC.,HISHAM MABROUK,BEDMINSTER,NJ,07921,9083967000,C,Conditional,GLP-1 Loss,195,92424.0,58.4
I&I PHARMA LLC,MOHAMMAD IHSAN,BEDMINSTER,NJ,07921,9083967000,C,Conditional,GLP-1 Loss,195,92424.0,58.4
"PHARMCORP, LLC",HARDIK SHAH,BEDMINSTER,NJ,07921,9082341101,C,Conditional,GLP-1 Loss,195,92424.0,58.4
IRVING RX LLC,CHIRAG PATEL,PATERSON,NJ,07501,9737428186,C,Conditional,GLP-1 Loss,227,107592.0,58.4
"PARCARE PHARMACY, LLC",ISMAIL HAMDI,PATERSON,NJ,07501,9739288877,C,Conditional,GLP-1 Loss,227,107592.0,58.4
PATERSON PHARMACY LLC,SUSANA JIANG,PATERSON,NJ,07501,9739257757,C,Conditional,GLP-1 Loss,227,107592.0,58.4
"WILLIAMS DRUG, LLC",DHIMAN PARIKH,PATERSON,NJ,07501,9735230777,C,Conditional,GLP-1 Loss,227,107592.0,58.4
FATEH PHARMACY INC,IJAZ RAFIQ,PATERSON,NJ,07501,8622571316,C,Conditional,GLP-1 Loss,227,107592.0,58.4
FATEH PHARMACY INC,IJAZ RAFIQ,PATERSON,NJ,07501,2018560494,C,Conditional,GLP-1 Loss,227,107592.0,58.4
PARK AVE DRUGS LLC,ABDULMAJEED HOZIEN,PATERSON,NJ,07501,9739288888,C,Conditional,GLP-1 Loss,227,107592.0,58.4
ALPHA PHARMACY CORPORATION,DENA FERMAN,SOMERSET,NJ,08873,7322473363,C,Conditional,GLP-1 Loss,202,95748.0,58.4
CARESCRIPT LLC,MOSTAFA ABDELAZIM,SOMERSET,NJ,08873,7322535606,C,Conditional,GLP-1 Loss,202,95748.0,58.4
CHINRAJ SOMERSET LLC,CHINTAN PATEL,SOMERSET,NJ,08873,7328466666,C,Conditional,GLP-1 Loss,202,95748.0,58.4
GOOD HEALTH RX,LAKSHMI MADDUKURI,SOMERSET,NJ,08873,7326476939,C,Conditional,GLP-1 Loss,202,95748.0,58.4
UNITY PHARMACY LLC,JACQUELINE BISSAH,SOMERSET,NJ,08873,7322201077,C,Conditional,GLP-1 Loss,202,95748.0,58.4
CARTERET PHARMACY LLC,DARSHAN PATEL,CARTERET,NJ,07008,7325415411,C,Conditional,GLP-1 Loss,209,99072.0,58.4
PRIME PHARMACY,DAVE WATTS,CARTERET,NJ,07008,7323662656,C,Conditional,GLP-1 Loss,209,99072.0,58.4
HEALTHYBENEFITSRX,AKINWUNMI ODUSOLA,SOMERSET,NJ,08873,7329511002,C,Conditional,GLP-1 Loss,202,95748.0,58.4
NARAYAN SCHOOLHOUSE RX,NISHA PATEL,SOMERSET,NJ,08873,7327437797,C,Conditional,GLP-1 Loss,202,95748.0,58.4
PLAZA PHARMACY CORP,SAEED SHEIKH,SOMERSET,NJ,08873,2017060094,C,Conditional,GLP-1 Loss,202,95748.0,58.4
TOWNSHIP PHARMACY A LLC,BOBBIE CACERES,SOMERSET,NJ,08873,7325458800,C,Conditional,GLP-1 Loss,202,95748.0,58.4
ATMACA LLC,SHAKHNOZA MADAMINOVA,BURLINGTON,NJ,08016,6095264319,C,Conditional,GLP-1 Loss,207,98112.0,58.4
JEMS PHARMA LLC,BILAL ALSUBAI,BURLINGTON,NJ,08016,6093861111,C,Conditional,GLP-1 Loss,207,98112.0,58.4
MEDICINE EXPRESS PHARMACY INC,KINNARI PATEL,BURLINGTON,NJ,08016,6093863630,C,Conditional,GLP-1 Loss,207,98112.0,58.4
"MEDICINE SOLUTIONS, LLC",HELEN KELLY,MANAHAWKIN,NJ,08050,6099943588,C,Conditional,GLP-1 Loss,197,93384.0,58.3
SAKER SHOPRITES INC,PAUL FELLER,MANAHAWKIN,NJ,08050,6095970092,C,Conditional,GLP-1 Loss,197,93384.0,58.3
AMIREH CORPORATION,AMIN AMIREH,CEDAR GROVE,NJ,07009,9732393339,C,Conditional,GLP-1 Loss,191,90528.0,58.2
BOYDS PHARMACY OF FLORENCE INC,CLARK BOYD,FLORENCE,NJ,08518,6094990100,C,Conditional,GLP-1 Loss,205,97176.0,58.2
AMERICARE 2 PHARMACY LLC.,TRISSIE NGUYEN,PENNSAUKEN,NJ,08109,8563562480,C,Conditional,GLP-1 Loss,211,100008.0,58.1
DREAMS PARAMOUNT LLC,AYAH ELZIBAK,HALEDON,NJ,07508,9736044055,C,Conditional,GLP-1 Loss,207,98112.0,58.0
HIGH MOUNTAIN PHARMACY CORP,HIBA ASIF,NORTH HALEDON,NJ,07508,9735326555,C,Conditional,GLP-1 Loss,207,98112.0,58.0
T & F DRUGS INC,FRANCISCO MARCOS,NORTH HALEDON,NJ,07508,9734276300,C,Conditional,GLP-1 Loss,207,98112.0,58.0
ARTHURS PHARMACY,ARTHUR AYLAROFF,HALEDON,NJ,07508,8622377222,C,Conditional,GLP-1 Loss,207,98112.0,58.0
BELMONT PHARMACY INC,MUSTAFA FARAJ,HALEDON,NJ,07508,9734578850,C,Conditional,GLP-1 Loss,207,98112.0,58.0
ROBBINS RX LLC,MITUL DARJI,EWING,NJ,08638,6098822404,C,Conditional,GLP-1 Loss,209,99072.0,57.9
KAPLAN GROUP LLC,OMER UGUR,TRENTON,NJ,08638,6099891400,C,Conditional,GLP-1 Loss,209,99072.0,57.9
SSANJ RX INC,LAKSHMI MUNNANGI,EWING,NJ,08638,6098962700,C,Conditional,GLP-1 Loss,209,99072.0,57.9
BRUNSWICK PHARMACY INC,GEETA MADADI,TRENTON,NJ,08638,6093965000,C,Conditional,GLP-1 Loss,209,99072.0,57.9
PRAMUKHDEV LLC,ALPESH PATEL,TRENTON,NJ,08638,6093965000,C,Conditional,GLP-1 Loss,209,99072.0,57.9
BLUEJAY HEALTH,CHIRAG TAYLOR,CLIFTON,NJ,07013,9732788876,C,Conditional,GLP-1 Loss,199,94320.0,57.8
HSMG LLC,OMAR GHARIB,CLIFTON,NJ,07013,9737791122,C,Conditional,GLP-1 Loss,199,94320.0,57.8
CLIFTON DRUGS LLC,VISHAL DESAI,CLIFTON,NJ,07013,9736857900,C,Conditional,GLP-1 Loss,199,94320.0,57.8
HOWLIN ENTERPRISES INC,PURNENDU RAVAL,CLIFTON,NJ,07013,9737772428,C,Conditional,GLP-1 Loss,199,94320.0,57.8
BRIDGETON RX INC,ROSS WAGNER,BRIDGETON,NJ,08302,9738656577,C,Conditional,GLP-1 Loss,218,103332.0,57.5
EAGLE ROCK PHARMACY LLC,MUHAMMAD AKRAM,WEST ORANGE,NJ,07052,9735004430,C,Conditional,GLP-1 Loss,195,92424.0,57.5
PUJA PHARMACY LLC,UMESH PATEL,WEST ORANGE,NJ,07052,9733251020,C,Conditional,GLP-1 Loss,195,92424.0,57.5
ROSVOLD RX LLC,MARCELL MARTINEZ,CINNAMINSON,NJ,08077,8568294877,C,Conditional,GLP-1 Loss,198,93852.0,57.5
JACKSON VILLAGE PHARMACY LLC,GABRIEL OUELLETTE,JACKSON,NJ,08527,7329947387,C,Conditional,GLP-1 Loss,199,94320.0,57.5
PHARMA PLUS PHARMACY LLC,DLAVAR ATHAR,JACKSON,NJ,08527,7323704777,C,Conditional,GLP-1 Loss,199,94320.0,57.5
CAREL PHARMACY,LAURA HEBELER,JACKSON,NJ,08527,7323644040,C,Conditional,GLP-1 Loss,199,94320.0,57.5
"GOLD KIMBALL INTERNATIONAL, INC.",CHAOYING CHEN,JACKSON,NJ,08527,7323670688,C,Conditional,GLP-1 Loss,199,94320.0,57.5
JACKSON PHARMACY INC,PAUL HOWE,JACKSON,NJ,08527,7328330400,C,Conditional,GLP-1 Loss,199,94320.0,57.5
SAKER SHOPRITES INC,PAUL FELLER,JACKSON,NJ,08527,7328867006,C,Conditional,GLP-1 Loss,199,94320.0,57.5
"CDC PLUS, INC",MUHAMMAD AKRAM,SOUTH PLAINFIELD,NJ,07080,9734859150,C,Conditional,GLP-1 Loss,200,94800.0,57.5
PARAS DRUGS INC,AXAT SHAH,SOUTH PLAINFIELD,NJ,07080,9085488224,C,Conditional,GLP-1 Loss,200,94800.0,57.5
SV BHATT LLC.,VIVEK BHATT,SOUTH PLAINFIELD,NJ,07080,9085615300,C,Conditional,GLP-1 Loss,200,94800.0,57.5
APOLLO PHARMACY RX LLC,FARIBORZ ARYAFAR,NEWARK,NJ,07104,9733506155,C,Conditional,GLP-1 Loss,210,99540.0,57.3
BMRR CORP,MATTHEW PARISI,NEWARK,NJ,07104,9734825353,C,Conditional,GLP-1 Loss,210,99540.0,57.3
MT PROSPECT PHARMACY CORP,AQSA KHAN,NEWARK,NJ,07104,8622409601,C,Conditional,GLP-1 Loss,210,99540.0,57.3
VALUE PHARMA INC,PHANI KUMAR CHALUVADI,NEWARK,NJ,07104,9736235566,C,Conditional,GLP-1 Loss,210,99540.0,57.3
EL SHADDAI PHARMACY,CYNTHIA DANQUAH,NEWARK,NJ,07104,9737326203,C,Conditional,GLP-1 Loss,210,99540.0,57.3
FRIENDSHIP PHARMACY INC,JOSEPH AKAH,NEWARK,NJ,07104,9734840643,C,Conditional,GLP-1 Loss,210,99540.0,57.3
JEN PHARMA INC,SMITHA DASARI,NEWARK,NJ,07104,9734813388,C,Conditional,GLP-1 Loss,210,99540.0,57.3
KONICY CORP,JEPHTE ALEXANDER,NEWARK,NJ,07104,9733506155,C,Conditional,GLP-1 Loss,210,99540.0,57.3
OBENG PHARMACY LLC,ADJE KOFFI,NEWARK,NJ,07104,2154598390,C,Conditional,GLP-1 Loss,210,99540.0,57.3
BRICKTOWNE PHARMACY LLC,KALU NDUKWE,BRICK,NJ,08723,8482419971,C,Conditional,GLP-1 Loss,198,93852.0,57.3
DOGANIEROS PHARMACY LLC,SONIA SIMBREY,CAMDEN,NJ,08104,8569664400,C,Conditional,GLP-1 Loss,224,106176.0,57.2
HOMETOWN RX CORPORATION,MOHAMMAD HASHIM,CAMDEN,NJ,08104,8565412990,C,Conditional,GLP-1 Loss,224,106176.0,57.2
MTEPHRAIMPHARMACY LLC,DHARA GANDHI,CAMDEN,NJ,08104,8569664400,C,Conditional,GLP-1 Loss,224,106176.0,57.2
"HENRY J. AUSTIN HEALTH CENTER, INC.",PATRINA LARMOND,TRENTON,NJ,08609,6092786033,C,Conditional,GLP-1 Loss,214,101436.0,57.1
WEST END FAMILY PHARMACY INC,MARK BLUMENKRANTZ,LONG BRANCH,NJ,07740,7322292400,C,Conditional,GLP-1 Loss,214,101436.0,57.0
"LSC PHARMACY SERVICES, INC.",JOSEPH VOELKEL,LONG BRANCH,NJ,07740,7329236111,C,Conditional,GLP-1 Loss,214,101436.0,57.0
NICOBELLA PHARMACY LLC,CARLOS ALMANZA,LONG BRANCH,NJ,07740,7322221299,C,Conditional,GLP-1 Loss,214,101436.0,57.0
VRAJ INC.,AMIT SHETH,LONG BRANCH,NJ,07740,7322221481,C,Conditional,GLP-1 Loss,214,101436.0,57.0
REBEL RX LLC,RENE RODRIGUEZ,ROSELAND,NJ,07068,9732261200,C,Conditional,GLP-1 Loss,191,90528.0,56.9
15W PHARMACY INC,DONNA MCCANN,NEWARK,NJ,07103,7323461333,C,Conditional,GLP-1 Loss,210,99540.0,56.9
ADONAI PHARMACY LLC,DELOVE ARTHUR,NEWARK,NJ,07103,9732002244,C,Conditional,GLP-1 Loss,210,99540.0,56.9
GLN SHOP ASSOCIATES LLC,MELISSA FIGUEROA RIVERA,NEWARK,NJ,07103,9738773641,C,Conditional,GLP-1 Loss,210,99540.0,56.9
ORANGE DRUGS INC,SAMINA NADEEM,NEWARK,NJ,07103,9738247700,C,Conditional,GLP-1 Loss,210,99540.0,56.9
COMMUNITY PRIDE PHARMACY LLC,ALEX GRANT,NEWARK,NJ,07103,9739889800,C,Conditional,GLP-1 Loss,210,99540.0,56.9
PREMIER HEALTH PHARMACY CORPORATION,AMIT PATEL,NEWARK,NJ,07103,9732197460,C,Conditional,GLP-1 Loss,210,99540.0,56.9
MAPLE SHADE APOTHECARY INC,MUHAMMAD KHAN,MAPLE SHADE,NJ,08052,8567798300,C,Conditional,GLP-1 Loss,200,94800.0,56.9
SMITH APOTHECARY CORP,CHRISTOPHER THESING,MAPLE SHADE,NJ,08052,8567798300,C,Conditional,GLP-1 Loss,200,94800.0,56.9
JR FRIENDLY PHARMACY LLC,JAMES GEORGE,ROSELLE,NJ,07203,9085870020,C,Conditional,GLP-1 Loss,213,100968.0,56.9
CENTRAL CARE PHARMACY LLC,CHARLES TRUONG,BEACHWOOD,NJ,08722,7325063868,C,Conditional,GLP-1 Loss,195,92424.0,56.7
LL PHARMA INC,KIRAN CHENNA,NORTH BERGEN,NJ,07047,2016248015,C,Conditional,GLP-1 Loss,210,99540.0,56.7
NB PHARMACY LLC,SANDIP PATEL,NORTH BERGEN,NJ,07047,2018686900,C,Conditional,GLP-1 Loss,210,99540.0,56.7
SEVA RX LLC,KRUPESH PATEL,NORTH BERGEN,NJ,07047,2016627575,C,Conditional,GLP-1 Loss,210,99540.0,56.7
SHREE MAHALAXMI OF N B CORPORATION,ANAND PATEL,NORTH BERGEN,NJ,07047,2018540800,C,Conditional,GLP-1 Loss,210,99540.0,56.7
T & F DRUGS INC,FRANCISCO MARCOS,NORTH BERGEN,NJ,07047,2018695990,C,Conditional,GLP-1 Loss,210,99540.0,56.7
"HACKENSACK MERIDIAN AMBULATORY CARE, INC",ROBERT SCHENK,NORTH BERGEN,NJ,07047,2018540226,C,Conditional,GLP-1 Loss,210,99540.0,56.7
"HACKENSACK MERIDIAN AMBULATORY CARE, INC",ROBERT SCHENK,NORTH BERGEN,NJ,07047,2018546300,C,Conditional,GLP-1 Loss,210,99540.0,56.7
RAP-R PHARMACY INC,RAMA RAO PALADUGU,NORTH BERGEN,NJ,07047,2018685700,C,Conditional,GLP-1 Loss,210,99540.0,56.7
RED OAK PHARMACY CORP,PIYUSH KYADA,NORTH BERGEN,NJ,07047,2018349755,C,Conditional,GLP-1 Loss,210,99540.0,56.7
TAMER PHARMACY LLC,TAMER ARAFAT,NORTH BERGEN,NJ,07047,2014303886,C,Conditional,GLP-1 Loss,210,99540.0,56.7
VS RX LLC,VAISHALIBEN PATEL,NORTH BERGEN,NJ,07047,2018691235,C,Conditional,GLP-1 Loss,210,99540.0,56.7
DELIVERCARERX PHARMACY LLC,MARJORIE CHEN,WEST DEPTFORD,NJ,08066,8333186291,C,Conditional,GLP-1 Loss,218,103332.0,56.6
"DELIVERCARERX PHARMACY, LLC",MARJORIE CHEN,WEST DEPTFORD,NJ,08066,8477797704,C,Conditional,GLP-1 Loss,218,103332.0,56.6
JESSY PATEL 2 LLC,MUHAMMAD KHAN,BAYVILLE,NJ,08721,7327979955,C,Conditional,GLP-1 Loss,196,92904.0,56.5
SAKER SHOPRITES INC,PAUL FELLER,BAYVILLE,NJ,08721,7326060990,C,Conditional,GLP-1 Loss,196,92904.0,56.5
ERNCO INC,EDWARD SADOWSKI,PALMYRA,NJ,08065,8568291597,C,Conditional,GLP-1 Loss,200,94800.0,56.5
PALMYRA PHARMACY LLC,JITENKUMAR NATHANI,PALMYRA,NJ,08065,8567861615,C,Conditional,GLP-1 Loss,200,94800.0,56.5
BOYDS PHARMACY OF MEDFORD INC,MATTHEW TOOTELL,MEDFORD,NJ,08055,6099758197,C,Conditional,GLP-1 Loss,193,91488.0,56.4
PROFESSIONAL COMPOUNDING CENTER OF SOUTH JERSEY,EMMETT MCVEY,MEDFORD,NJ,08055,6096545222,C,Conditional,GLP-1 Loss,193,91488.0,56.4
KAPLAN GROUP LLC,OMER UGUR,TRENTON,NJ,08611,6098587560,C,Conditional,GLP-1 Loss,210,99540.0,56.4
RAAB PHARAMACEUTICALS,RIDHA AHMED,TRENTON,NJ,08611,6096952000,C,Conditional,GLP-1 Loss,210,99540.0,56.4
ATLANTIC APOTHECARY LLC,DENA FERMAN,POINT PLEASANT BEACH,NJ,08742,7327148998,C,Conditional,GLP-1 Loss,194,91956.0,56.4
SAKER SHOPRITES INC,PAUL FELLER,LANOKA HARBOR,NJ,08734,6096937000,C,Conditional,GLP-1 Loss,194,91956.0,56.4
QUICK MED PHARMACY,KIRAN VENIGALLA,ASBURY PARK,NJ,07712,7326927986,C,Conditional,GLP-1 Loss,208,98592.0,56.4
VISITING NURSE ASSOCIATION OF CENTRAL JERSEY COMMUNITY HEALTH CENTER I,JOEL WRIGHT,ASBURY PARK,NJ,07712,8333511626,C,Conditional,GLP-1 Loss,208,98592.0,56.4
"AP HOME DRUGS, INC.",VISHAL SOOD,ASBURY PARK,NJ,07712,7327743400,C,Conditional,GLP-1 Loss,208,98592.0,56.4
2M HOLDINGS LIMITED PARTNERSHIP,ABE MERMELSTEIN,OCEAN,NJ,07712,7327766070,C,Conditional,GLP-1 Loss,208,98592.0,56.4
FOOD CIRCUS SUPERMARKETS INC.,PAUL SCHNEIDER,OCEAN,NJ,07712,7324931212,C,Conditional,GLP-1 Loss,208,98592.0,56.4
PHARMACY TOWN LLC,DEV TAILOR,OCEAN,NJ,07712,7324935100,C,Conditional,GLP-1 Loss,208,98592.0,56.4
WEST MILFORD DRUGS INC,PIYUSH PATEL,WEST MILFORD,NJ,07480,9737281400,C,Conditional,GLP-1 Loss,195,92424.0,56.3
WEST MILFORD DRUGS INC,PIYUSH PATEL,WEST MILFORD,NJ,07480,9737281400,C,Conditional,GLP-1 Loss,195,92424.0,56.3
CRAMER HILL PHARMACY,PRAKASH JANAGAMA,CAMDEN,NJ,08105,8569633000,C,Conditional,GLP-1 Loss,221,104760.0,56.3
RAGHU RAM INC,NAGAMANI GADA,CAMDEN,NJ,08105,8569637899,C,Conditional,GLP-1 Loss,221,104760.0,56.3
RIVERCARE SOLUTIONS LLC,VISWA PRAKASH MANTENA,CAMDEN,NJ,08105,8567570200,C,Conditional,GLP-1 Loss,221,104760.0,56.3
"GALENUS PRECISION PHARMACY, INC.",RICHARD GREENE,MOUNT LAUREL,NJ,08054,8444253687,C,Conditional,GLP-1 Loss,195,92424.0,56.2
LARCHMONT PHARMACY,VU HUYNH,MOUNT LAUREL,NJ,08054,8562358888,C,Conditional,GLP-1 Loss,195,92424.0,56.2
UNION MILL SUPEMARKET LLC,MELISSA FIGUEROA RIVERA,MOUNT LAUREL,NJ,08054,8563650341,C,Conditional,GLP-1 Loss,195,92424.0,56.2
INTEGRATED MEDICATION MANAGEMENT,BETTY NGO,MOUNT LAUREL,NJ,08054,8563801828,C,Conditional,GLP-1 Loss,195,92424.0,56.2
INTEGRATED MEDICATION MANAGEMENT LLC,KEVIN WILLIAMS,MOUNT LAUREL,NJ,08054,8563801828,C,Conditional,GLP-1 Loss,195,92424.0,56.2
ROME RX LLC,PRITEN PATEL,MOUNT LAUREL,NJ,08054,2018736182,C,Conditional,GLP-1 Loss,195,92424.0,56.2
ASHA ONE PHARMACY LLC,YEVGENY DETS,RED BANK,NJ,07701,7325302880,C,Conditional,GLP-1 Loss,203,96216.0,56.1
ZAITER LLC,ALAA ZAITER,PATERSON,NJ,07524,9739442144,C,Conditional,GLP-1 Loss,220,104280.0,56.0
TRUE VINE PHARMACY LLC,MAGID SAMIR,WASHINGTON,NJ,07882,9088382772,C,Conditional,GLP-1 Loss,200,94800.0,56.0
VILLAGE SUPER MARKET OF NJ LP,MELISSA FIGUEROA RIVERA,WASHINGTON,NJ,07882,9088350781,C,Conditional,GLP-1 Loss,200,94800.0,56.0
"CAREFORWARDRX, LLC",SARAH FENWICK,MOORESTOWN,NJ,08057,8773122008,C,Conditional,GLP-1 Loss,194,91956.0,55.8
SAKER SHOPRITES INC,PAUL FELLER,TOMS RIVER,NJ,08753,7322700900,C,Conditional,GLP-1 Loss,194,91956.0,55.8
VIZZONI PHARMACY LLC,JOHN VIZZONI,ALLENTOWN,NJ,08501,6092596121,C,Conditional,GLP-1 Loss,197,93384.0,55.6
ALLENTOWN VILLAGE PHARMACY INC,ANN ERVIN,ALLENTOWN,NJ,08501,6092592202,C,Conditional,GLP-1 Loss,197,93384.0,55.6
ADVANCE CARE RX LLC,ROMIL PATEL,BELLMAWR,NJ,08031,8568383008,C,Conditional,GLP-1 Loss,200,94800.0,55.6
VERONA DRUG STORE INC,GEORGE BUKWICH,VERONA,NJ,07044,9732395401,C,Conditional,GLP-1 Loss,190,90060.0,55.5
VERONA PHARMACY INC.,ASHRAF ASHAMALLA,VERONA,NJ,07044,9738577710,C,Conditional,GLP-1 Loss,190,90060.0,55.5
SAMY'S PHARMACY LLC,HEBA AWAD,ABERDEEN,NJ,07747,7323514841,C,Conditional,GLP-1 Loss,195,92424.0,55.5
AKSHARVATIKA LLC,MICHAEL MARZELLA,MATAWAN,NJ,07747,7329705277,C,Conditional,GLP-1 Loss,195,92424.0,55.5
SANCHEZ COMMUNITY PHARMACY CORP,AUROGE MALIK,MATAWAN,NJ,07747,9297603533,C,Conditional,GLP-1 Loss,195,92424.0,55.5
HAZLET PHARMACY INC.,JASON KORNBLUM,HAZLET,NJ,07730,7322643310,C,Conditional,GLP-1 Loss,202,95748.0,55.4
MANCHESTER PHARMACY INC,RUPESH PATEL,HAZLET,NJ,07730,7328887900,C,Conditional,GLP-1 Loss,202,95748.0,55.4
"CUREXA - EAST, LLC",MARK TAYLOR,EGG HARBOR TOWNSHIP,NJ,08234,8559270390,C,Conditional,GLP-1 Loss,199,94320.0,55.4
VILLAGE SUPER MARKET OF NJ LP,MELISSA FIGUEROA RIVERA,EGG HARBOR TOWNSHIP,NJ,08234,6096450660,C,Conditional,GLP-1 Loss,199,94320.0,55.4
ATLANTICMD PHARMACY,DAVID FOUAD,EGG HARBOR TWP,NJ,08234,6093804903,C,Conditional,GLP-1 Loss,199,94320.0,55.4
140 MAIN STREET CORPORATION,DENIS CAMPBELL,SEA GIRT,NJ,08750,7329742929,C,Conditional,GLP-1 Loss,196,92904.0,55.3
HEALTHVIA PHARMACY SERVICES LLC,YESHA PATEL,MARLTON,NJ,08053,8569838700,C,Conditional,GLP-1 Loss,193,91488.0,55.2
MARLTON SUPERMARKET INC,MELISSA FIGUEROA RIVERA,MARLTON,NJ,08053,8569833665,C,Conditional,GLP-1 Loss,193,91488.0,55.2
SUCCESS MEDS LLC,JOSEPH DWECK,MARLTON,NJ,08053,8565963939,C,Conditional,GLP-1 Loss,193,91488.0,55.2
"RONETCO SUPERMARKETS, INC",MELISSA FIGUEROA RIVERA,FRANKLIN,NJ,07416,9738271806,C,Conditional,GLP-1 Loss,203,96216.0,55.1
CROOKS AVENUE PHARMACY CORPORATION,GHADA ABUKUWAIK,PATERSON,NJ,07503,8622259432,C,Conditional,GLP-1 Loss,216,102384.0,55.0
ICARE PHARMACY PLUS LLC,YASMEEN ASSAF,PATERSON,NJ,07503,8622579990,C,Conditional,GLP-1 Loss,216,102384.0,55.0
MEDINA PHARMACY INC,E DIPERNA,PATERSON,NJ,07503,8622979111,C,Conditional,GLP-1 Loss,216,102384.0,55.0
PATHFINDER HERITAGE GROUP INC,KHALID ABUDAWAS,PATERSON,NJ,07503,9734335398,C,Conditional,GLP-1 Loss,216,102384.0,55.0
PHARMACY EXPRESS INC,GEMHA DEMIR,PATERSON,NJ,07503,9737541000,C,Conditional,GLP-1 Loss,216,102384.0,55.0
PHARMACY ON MAIN INC,AHMED AHMED,PATERSON,NJ,07503,9732789000,C,Conditional,GLP-1 Loss,216,102384.0,55.0
"ST JOSEPHS HEALTH PHARMACY, LLC",RENA PATEL,PATERSON,NJ,07503,9737543029,C,Conditional,GLP-1 Loss,216,102384.0,55.0
BP PHARMACY LLC,AMIT PATEL,PATERSON,NJ,07503,8622579992,C,Conditional,GLP-1 Loss,216,102384.0,55.0
PANKTI INC,FAISAL JAVED,PATERSON,NJ,07522,9737824955,D,Deprioritize,GLP-1 Loss,217,102864.0,54.9
ANERI HEALTH LLC,RASHMITABEN PATEL,SOUTH RIVER,NJ,08882,7329556142,D,Deprioritize,GLP-1 Loss,202,95748.0,54.9
ST PHILOPATEER PHARMACY,WAEL ISAAC,SOUTH RIVER,NJ,08882,7182106113,D,Deprioritize,GLP-1 Loss,202,95748.0,54.9
US CARE PHARMACY,AZRA SHAHID,PATERSON,NJ,07522,9739043404,D,Deprioritize,GLP-1 Loss,217,102864.0,54.9
PHARMARAMA LLC,AUROGE MALIK,LUMBERTON,NJ,08048,6099144890,D,Deprioritize,GLP-1 Loss,195,92424.0,54.9
"HACKENSACK MERIDIAN AMBULATORY CARE, INC.",AUDRA MANEKAS,EATONTOWN,NJ,07724,8483084950,D,Deprioritize,GLP-1 Loss,203,96216.0,54.9
"HACKENSACK MERIDIAN AMBULATORY CARE, INC.",AUDRA MANEKAS,EATONTOWN,NJ,07724,9084276010,D,Deprioritize,GLP-1 Loss,203,96216.0,54.9
AJIMI INC,JABEEN AHMED,CLIFTON,NJ,07011,9737727600,D,Deprioritize,GLP-1 Loss,204,96696.0,54.9
MAINCURE PHARMACY LLC,GEORGE FATTAL,CLIFTON,NJ,07011,9733330101,D,Deprioritize,GLP-1 Loss,204,96696.0,54.9
MVP PHARMACY LLC,BHAVEEK MISTRY,CLIFTON,NJ,07011,9734780600,D,Deprioritize,GLP-1 Loss,204,96696.0,54.9
PILL PLUS PHARMACY CORP,FAISAL LATIF,CLIFTON,NJ,07011,2012084655,D,Deprioritize,GLP-1 Loss,204,96696.0,54.9
CLIFTON PHARMACY RX LLC,USMAN TANVIR,CLIFTON,NJ,07011,8622259726,D,Deprioritize,GLP-1 Loss,204,96696.0,54.9
DAMIANO PHARMACY,SARA DAMIANO,CLIFTON,NJ,07011,9735466700,D,Deprioritize,GLP-1 Loss,204,96696.0,54.9
CHAS & CHAS PHARMACY LLC,AKUNNA IHEMAGUBA,GARWOOD,NJ,07027,9089558524,D,Deprioritize,GLP-1 Loss,196,92904.0,54.7
TAMAV IRINI INC,LUCY ISAAC,GARWOOD,NJ,07027,9082324888,D,Deprioritize,GLP-1 Loss,196,92904.0,54.7
CHAU HUYNH LIMITED LIABILITY COMPANY,KHAI HUYNH,PENNSAUKEN,NJ,08110,8566622700,D,Deprioritize,GLP-1 Loss,212,100488.0,54.7
KRESSATYS PHARMACY INC,MUHAMMAD ADEEL,HASKELL,NJ,07420,9738351627,D,Deprioritize,GLP-1 Loss,197,93384.0,54.7
BIOLOGICTX LLC,KATHEE KRAMM,TOTOWA,NJ,07512,9737740954,D,Deprioritize,GLP-1 Loss,197,93384.0,54.7
CLIFTON SPECIALTY PHARMACY LLC,AMANI BARKAWI,TOTOWA,NJ,07512,9732222266,D,Deprioritize,GLP-1 Loss,197,93384.0,54.7
"ST JOSEPH'S HEALTH PHARMACY, LLC",RENA PATEL,TOTOWA,NJ,07512,8626573250,D,Deprioritize,GLP-1 Loss,197,93384.0,54.7
T & F DRUGS INC,FRANCISCO MARCOS,TOTOWA,NJ,07512,9737903711,D,Deprioritize,GLP-1 Loss,197,93384.0,54.7
TOTOWA RX,MILAGRITOS ARANA,TOTOWA,NJ,07512,9732657073,D,Deprioritize,GLP-1 Loss,197,93384.0,54.7
COMMUNITY CARE RX NJ INC,HOSSAM MAKSOUD,TOTOWA,NJ,07512,9738378044,D,Deprioritize,GLP-1 Loss,197,93384.0,54.7
ACA PHARMACY LLC,IBRAM ATALLA,OCEANPORT,NJ,07757,2017800976,D,Deprioritize,GLP-1 Loss,197,93384.0,54.6
D3SKIM LLC,DO HYON KIM,NORTH BRUNSWICK,NJ,08902,7327454804,D,Deprioritize,GLP-1 Loss,199,94320.0,54.6
MEDLIFE PHARMACY INC,MAYEZ ENVER,NORTH BRUNSWICK,NJ,08902,7326583636,D,Deprioritize,GLP-1 Loss,199,94320.0,54.6
MAHADEV RX CORPORATION,RAVI SHINGALA,PARLIN,NJ,08859,7322384022,D,Deprioritize,GLP-1 Loss,199,94320.0,54.6
POCHI CORP,MAHENDRA PATEL,DUNELLEN,NJ,08812,7329681481,D,Deprioritize,GLP-1 Loss,199,94320.0,54.6
SAINT MICHAEL PHARMACEUTICALS LLC,AHAB AYAD,N BRUNSWICK,NJ,08902,7322472333,D,Deprioritize,GLP-1 Loss,199,94320.0,54.6
PARLIN PHARMACY INC,VINEET PARIKH,PARLIN,NJ,08859,7329523022,D,Deprioritize,GLP-1 Loss,199,94320.0,54.6
ADLERS PHARMACY LTC INC,ABRAHAM FRIEDMAN,CHERRY HILL,NJ,08034,8566857264,D,Deprioritize,GLP-1 Loss,194,91956.0,54.6
ADLERS PHARMACY LTC,KELLEY MARTINO,CHERRY HILL,NJ,08034,8566857264,D,Deprioritize,GLP-1 Loss,194,91956.0,54.6
MEDSCARE LLC,PRASAD MEDAVARAPU,CHERRY HILL,NJ,08034,8564285888,D,Deprioritize,GLP-1 Loss,194,91956.0,54.6
RT 70 PHARMACY INC,RAJENDRAPRASAD VENIGALLA,CHERRY HILL,NJ,08034,8564298700,D,Deprioritize,GLP-1 Loss,194,91956.0,54.6
EDISON IG CARDS LLC,AMMARA MAQBOOL,EDISON,NJ,08820,7327340440,D,Deprioritize,GLP-1 Loss,191,90528.0,54.5
OAK TREE DRUGS LLC,JAYESH LALIWALA,EDISON,NJ,08820,7326629292,D,Deprioritize,GLP-1 Loss,191,90528.0,54.5
"DEVINE'S PHARMACY, INC.",ABAID CHEEMA,EDISON,NJ,08820,7325497117,D,Deprioritize,GLP-1 Loss,191,90528.0,54.5
HMH HOSPITALS CORPORATION,ASTRIDE ROMELUS,EDISON,NJ,08820,7323217000,D,Deprioritize,GLP-1 Loss,191,90528.0,54.5
REGIONAL CANCER CARE ASSOCIATES LLC,TERRILL JORDAN,EAST BRUNSWICK,NJ,08816,7323900003,D,Deprioritize,GLP-1 Loss,192,91008.0,54.4
SHREENE MARIA RX LLC,SHERIF ELMASRI,EAST BRUNSWICK,NJ,08816,7326987840,D,Deprioritize,GLP-1 Loss,192,91008.0,54.4
ALLURE PHARMACY LLC,ALPA SHAH,EAST BRUNSWICK,NJ,08816,7323434643,D,Deprioritize,GLP-1 Loss,192,91008.0,54.4
HOLISTIC CARE PHARMACY LLC,AMMAR ARIF,VOORHEES,NJ,08043,8562501200,D,Deprioritize,GLP-1 Loss,193,91488.0,54.2
MEDILINK RXCARE LLC,SOTIRIA TZAFEROS,VOORHEES,NJ,08043,8565664300,D,Deprioritize,GLP-1 Loss,193,91488.0,54.2
PARADISO PHARMACEUTICALS INC,MICHELLE PARADISO,WALL,NJ,07719,7322803535,D,Deprioritize,GLP-1 Loss,198,93852.0,54.1
SAKER SHOPRITES INC,MELISSA FIGUEROA RIVERA,WALL TOWNSHIP,NJ,07719,7326810550,D,Deprioritize,GLP-1 Loss,198,93852.0,54.1
BELZO LLC,GREG DEPAOLO,KENVIL,NJ,07847,9736250083,D,Deprioritize,GLP-1 Loss,195,92424.0,54.0
PROFESSIONAL CENTER PHARMACY INC.,BILAL ALSUBAI,TANSBORO,NJ,08009,8567676663,D,Deprioritize,GLP-1 Loss,196,92904.0,54.0
BERLIN PHARMACY LLC,THELMA ODOEMENE,BERLIN,NJ,08009,8563362855,D,Deprioritize,GLP-1 Loss,196,92904.0,54.0
MONTGOMERY PHARMACY INC,MANSOOR AHMED,JERSEY CITY,NJ,07305,2013338999,D,Deprioritize,GLP-1 Loss,207,98112.0,53.7
PALISADE AVE PHARMACY LLC,GERARDO LEBRON,JERSEY CITY,NJ,07305,2014338900,D,Deprioritize,GLP-1 Loss,207,98112.0,53.7
TONY PHARMACY INC.,NANCY BASSALY,JERSEY CITY,NJ,07305,2016857070,D,Deprioritize,GLP-1 Loss,207,98112.0,53.7
UNIVERSE PHARMACIES CORP,FARHAN IQBAL,JERSEY CITY,NJ,07305,2015591440,D,Deprioritize,GLP-1 Loss,207,98112.0,53.7
BERGEN ROAD PHARMACY,IRFAN ALI,JERSEY CITY,NJ,07305,2019944065,D,Deprioritize,GLP-1 Loss,207,98112.0,53.7
GREENVILLE PHARMACY BUSINESS LLC,CICIL GHOBRIAL,JERSEY CITY,NJ,07305,2014338002,D,Deprioritize,GLP-1 Loss,207,98112.0,53.7
"LSC PHARMACY SERVICES, INC.",SHAWN LYNCH,JERSEY CITY,NJ,07305,2018854732,D,Deprioritize,GLP-1 Loss,207,98112.0,53.7
"RONETCO SUPERMARKETS, INC",MELISSA FIGUEROA RIVERA,HACKETTSTOWN,NJ,07840,9088522309,D,Deprioritize,GLP-1 Loss,193,91488.0,53.7
SKYLANDS COMMUNITY PHARMACY,ROBERT MILLER,HACKETTSTOWN,NJ,07840,9088523784,D,Deprioritize,GLP-1 Loss,193,91488.0,53.7
SKYLANDS FAMILY PHARMACY INC.,MUHAMMAD ADEEL,HACKETTSTOWN,NJ,07840,9084412882,D,Deprioritize,GLP-1 Loss,193,91488.0,53.7
DESIGNRX LLC,NADEAR HASSAN,HACKETTSTOWN,NJ,07840,2017798562,D,Deprioritize,GLP-1 Loss,193,91488.0,53.7
PANTHER HEALTHCARE CLINIC INC,YAMEN SHEHADEH,HACKETTSTOWN,NJ,07840,9083313738,D,Deprioritize,GLP-1 Loss,193,91488.0,53.7
PANTHER HEALTHCARE ENTERPRISES INC,NADEAR HASSAN,HACKETTSTOWN,NJ,07840,9088528818,D,Deprioritize,GLP-1 Loss,193,91488.0,53.7
PHARMA TECH CONCEPTS LLC,CSC SERVICES,HACKETTSTOWN,NJ,07840,9088528818,D,Deprioritize,GLP-1 Loss,193,91488.0,53.7
CALDWELL PHARMACY,JOHN SAMUEL,WEST CALDWELL,NJ,07006,9738081800,D,Deprioritize,GLP-1 Loss,188,89112.0,53.7
WALD DRUGS 2 FLEMINGTON,MICHAEL WOLF,FLEMINGTON,NJ,08822,9087883780,D,Deprioritize,GLP-1 Loss,189,89592.0,53.6
HUNTERDON REGIONAL PHARMACY INC,CHARLY NASSER,FLEMINGTON,NJ,08822,9087886586,D,Deprioritize,GLP-1 Loss,189,89592.0,53.6
SAKER SHOPRITES INC,NEHAL MODI,SKILLMAN,NJ,08558,6092799800,D,Deprioritize,GLP-1 Loss,190,90060.0,53.6
SKILLZCARE PHARMACY INC,ASMA SURAYYA,SKILLMAN,NJ,08558,6092122123,D,Deprioritize,GLP-1 Loss,190,90060.0,53.6
PILL RX SPECIALTY PHARMACY LLC,MUHAMMAD MIR,LIVINGSTON,NJ,07039,9735350900,D,Deprioritize,GLP-1 Loss,187,88632.0,53.5
SHIVANI PHARMACY INC,RAMILA DESAI,LIVINGSTON,NJ,07039,9739924050,D,Deprioritize,GLP-1 Loss,187,88632.0,53.5
VILLAGE SUPER MARKET OF NJ LP,MELISSA FIGUEROA RIVERA,LIVINGSTON,NJ,07039,9739926854,D,Deprioritize,GLP-1 Loss,187,88632.0,53.5
ALERAN HOLDINGS LLC,AL MARSHALL,LIVINGSTON,NJ,07039,9739922121,D,Deprioritize,GLP-1 Loss,187,88632.0,53.5
"ASPN PHARMACIES, LLC",SUNGJAE LEE,LIVINGSTON,NJ,07039,8442673251,D,Deprioritize,GLP-1 Loss,187,88632.0,53.5
BALA GANAPATI INC,RASIK NAGRECHA,LIVINGSTON,NJ,07039,9739269701,D,Deprioritize,GLP-1 Loss,187,88632.0,53.5
J & A PHARMACY SERVICES LLC,AMIEE KEEVEN,LIVINGSTON,NJ,07039,9739922121,D,Deprioritize,GLP-1 Loss,187,88632.0,53.5
"LSC PHARMACY SERVICES, INC.",JOSEPH VOELKEL,LIVINGSTON,NJ,07039,9733225000,D,Deprioritize,GLP-1 Loss,187,88632.0,53.5
HOLMDEL PHARMACY & DELI LLC,MARIAN MIKAILE,HOLMDEL,NJ,07733,7327876666,D,Deprioritize,GLP-1 Loss,196,92904.0,53.4
THE BELL WORKS PHARMACY LLC,DAVID METZGER,HOLMDEL,NJ,07733,6096701120,D,Deprioritize,GLP-1 Loss,196,92904.0,53.4
HANOVER HEALTHCARE LLC,MICHAEL AUSLANDER,EAST HANOVER,NJ,07936,9737819877,D,Deprioritize,GLP-1 Loss,191,90528.0,53.3
MARLBORO VILLAGE PHARMACY INC,STANSISLAV HISH,MARLBORO,NJ,07746,7326176060,D,Deprioritize,GLP-1 Loss,194,91956.0,53.3
SHREEJI PHARMACY LLC,KEYUR SHAH,MARLBORO,NJ,07746,7329461600,D,Deprioritize,GLP-1 Loss,194,91956.0,53.3
ARIS RX INC,ARTHUR AYLAROFF,HAWTHORNE,NJ,07506,9734000348,D,Deprioritize,GLP-1 Loss,193,91488.0,53.3
DIAMOND BRIDGE PHARMACY LLC,ARCHIT PATEL,HAWTHORNE,NJ,07506,9734271234,D,Deprioritize,GLP-1 Loss,193,91488.0,53.3
OLSSONS RX,ANKIT SHAH,HAWTHORNE,NJ,07506,9734271700,D,Deprioritize,GLP-1 Loss,193,91488.0,53.3
CADC PHARMACY INC,CARLOS ALMANZA,LAKE HOPATCONG,NJ,07849,9736632560,D,Deprioritize,GLP-1 Loss,192,91008.0,53.2
CHERRYWOOD PLAZA SUPERMARKET LLC,STACY AURAND,CLEMENTON,NJ,08021,8566270088,D,Deprioritize,GLP-1 Loss,203,96216.0,53.2
SOLUS PHARMACY LLC,IKRAM KHALIQ,LAUREL SPRINGS,NJ,08021,8562824410,D,Deprioritize,GLP-1 Loss,203,96216.0,53.2
110 VAN HOUTEN LLC,ASHWIN PATEL,PASSAIC,NJ,07055,9739554600,D,Deprioritize,GLP-1 Loss,212,100488.0,53.2
CLARKS TOWN PHARMACY LLC,MOHAMED ABDELGOWAD,PASSAIC,NJ,07055,9737861524,D,Deprioritize,GLP-1 Loss,212,100488.0,53.2
KHOVISION LLC,VALERIA KHOKHAR,PASSAIC,NJ,07055,8622491367,D,Deprioritize,GLP-1 Loss,212,100488.0,53.2
MEDISAVE PHARMACY CORP,MOHAMMAD LATIF,PASSAIC,NJ,07055,8622491367,D,Deprioritize,GLP-1 Loss,212,100488.0,53.2
PASSAIC PHARMACY AND MEDICAL SUPPLIES LLC,LOBNA OMAR,PASSAIC,NJ,07055,9083820158,D,Deprioritize,GLP-1 Loss,212,100488.0,53.2
"WELLNESS CARE PHARMACY, LLC",CHIRAG RANA,PASSAIC,NJ,07055,9735066490,D,Deprioritize,GLP-1 Loss,212,100488.0,53.2
I CARE PASSAIC PHARMACY CORP,MAHMOUD MEDHAT ALI,PASSAIC,NJ,07055,9733968918,D,Deprioritize,GLP-1 Loss,212,100488.0,53.2
MAIN RX SUPER PHARMACY INC,TASEER KHAN,PASSAIC,NJ,07055,9737327702,D,Deprioritize,GLP-1 Loss,212,100488.0,53.2
PSM RX LLC,MUKESH PATEL,PASSAIC,NJ,07055,9739554950,D,Deprioritize,GLP-1 Loss,212,100488.0,53.2
ROYAL RX INC,MEGHA GANDHI,PASSAIC,NJ,07055,9733657143,D,Deprioritize,GLP-1 Loss,212,100488.0,53.2
SHOPRX PHARMACY INC.,YOGESHKUMAR PATEL,PASSAIC,NJ,07055,9733036391,D,Deprioritize,GLP-1 Loss,212,100488.0,53.2
SHREE GANESH PHARMACY LLC,JIGNA PATEL,PASSAIC,NJ,07055,9734719100,D,Deprioritize,GLP-1 Loss,212,100488.0,53.2
POETS SQUARE PHARMACY INC,KOMAL BAJWA,FREEHOLD,NJ,07728,7324091100,D,Deprioritize,GLP-1 Loss,198,93852.0,53.2
RX PRIME INCORPORATED,RAYYAN KHATIB,FREEHOLD,NJ,07728,7326476939,D,Deprioritize,GLP-1 Loss,198,93852.0,53.2
IRON BRIDGE APOTHECARY LLC,MITESH PATEL,FREEHOLD,NJ,07728,7322526455,D,Deprioritize,GLP-1 Loss,198,93852.0,53.2
IRON BRIDGE APOTHECARY LLC,MITESH PATEL,FREEHOLD,NJ,07728,7322526455,D,Deprioritize,GLP-1 Loss,198,93852.0,53.2
BLUE GOOSE PHARMACY GROUP LLC,AMJAD JAVED,UNION CITY,NJ,07087,5515872211,D,Deprioritize,GLP-1 Loss,209,99072.0,53.1
KS PHARMACY LLC,KEERTHI MANOSE KONDAMURI,UNION CITY,NJ,07087,2018446626,D,Deprioritize,GLP-1 Loss,209,99072.0,53.1
KWICKMED FARMACIA LLC,PARAG RAITHATHA,UNION CITY,NJ,07087,2017588982,D,Deprioritize,GLP-1 Loss,209,99072.0,53.1
NN PHARMACY INC,SUBBA NAGELI,UNION CITY,NJ,07087,2017588981,D,Deprioritize,GLP-1 Loss,209,99072.0,53.1
PRIME PHARMACY GROUP LLC,UMAIR ABBAS,UNION CITY,NJ,07087,2018853434,D,Deprioritize,GLP-1 Loss,209,99072.0,53.1
SHREEJI RX LLC,SHILPA PATEL,UNION CITY,NJ,07087,2017585159,D,Deprioritize,GLP-1 Loss,209,99072.0,53.1
BLUE GOOSE PHARMACY,IRFAN NASIM,UNION CITY,NJ,07087,2018641924,D,Deprioritize,GLP-1 Loss,209,99072.0,53.1
HUMZA PHARMACY INC.,SAFIA AHMAD,UNION CITY,NJ,07087,2014299896,D,Deprioritize,GLP-1 Loss,209,99072.0,53.1
MEDPRIME PHARMACY INC,ASAD NAZIR,UNION CITY,NJ,07087,2014024744,D,Deprioritize,GLP-1 Loss,209,99072.0,53.1
NJ PHARMALOGICS LLC,JEFFREY GRACIANO,UNION CITY,NJ,07087,2015009366,D,Deprioritize,GLP-1 Loss,209,99072.0,53.1
PORTEJAS CORP,LUCIA PORTELA,UNION CITY,NJ,07087,2018676705,D,Deprioritize,GLP-1 Loss,209,99072.0,53.1
SANTA MARIA PHARMACY LLC,VIMAL PATEL,UNION CITY,NJ,07087,2018646307,D,Deprioritize,GLP-1 Loss,209,99072.0,53.1
SIDON LLC,ABDOLLAH REDA,UNION CITY,NJ,07087,2018647600,D,Deprioritize,GLP-1 Loss,209,99072.0,53.1
SIYAM PHARMACY LLC,MOHANNAD SIYAM,UNION CITY,NJ,07087,8564733955,D,Deprioritize,GLP-1 Loss,209,99072.0,53.1
SN PHARMACY LLC,GEETHA APPANA,UNION CITY,NJ,07087,2018630631,D,Deprioritize,GLP-1 Loss,209,99072.0,53.1
SUGARRX INC,GABRIELA BERNAT,UNION CITY,NJ,07087,2018676705,D,Deprioritize,GLP-1 Loss,209,99072.0,53.1
SWADHARMA LLC,POOJA PATEL,UNION CITY,NJ,07087,2018670297,D,Deprioritize,GLP-1 Loss,209,99072.0,53.1
TOLEDO DRUGS INC,DHIMAN PARIKH,UNION CITY,NJ,07087,2018670297,D,Deprioritize,GLP-1 Loss,209,99072.0,53.1
VAISHNAVI RX INC,BALAJI DUDDUKURU,UNION CITY,NJ,07087,2017588300,D,Deprioritize,GLP-1 Loss,209,99072.0,53.1
"BOYT PHARMACEUTICAL SERVICES,LLC.",GERARD BARGOUD,METUCHEN,NJ,08840,7325482125,D,Deprioritize,GLP-1 Loss,189,89592.0,53.1
SHIRDI SAI BABA,SEJAL PATEL,METUCHEN,NJ,08840,7324944350,D,Deprioritize,GLP-1 Loss,189,89592.0,53.1
HANUMAN RX INC,ANIL KUMAR BODEMPUDI,RAHWAY,NJ,07065,7328277908,D,Deprioritize,GLP-1 Loss,198,93852.0,53.1
MEDBOX PHARMACY LLC,DAVID MORIN,BELLEVILLE,NJ,07109,9733232626,D,Deprioritize,GLP-1 Loss,189,89592.0,53.0
SHP BELLEVILLE LLC,AHMED KHEDR,BELLEVILLE,NJ,07109,9739691155,D,Deprioritize,GLP-1 Loss,189,89592.0,53.0
WASHINGTON DRUGS PHARMACY INC,MOUDI YACOUB,BELLEVILLE,NJ,07109,8628723153,D,Deprioritize,GLP-1 Loss,189,89592.0,53.0
"LSC PHARMACY SERVICES, INC.",JOSEPH VOELKEL,BELLEVILLE,NJ,07109,9734502000,D,Deprioritize,GLP-1 Loss,189,89592.0,53.0
MEDBOX DRUGS INC,FARIBORZ ARYAFAR,BELLEVILLE,NJ,07109,9733232626,D,Deprioritize,GLP-1 Loss,189,89592.0,53.0
MEDBOX INC,CHRISTELLE LASEK,BELLEVILLE,NJ,07109,9733232626,D,Deprioritize,GLP-1 Loss,189,89592.0,53.0
SVS PHARMACY INC.,RAMA MADDUKURI,ENGLEWOOD,NJ,07631,2015687868,D,Deprioritize,GLP-1 Loss,205,97176.0,53.0
FALCONPHARMACYFP LLC,RISHI DESAI,FLORHAM PARK,NJ,07932,9732947732,D,Deprioritize,GLP-1 Loss,191,90528.0,52.9
HAMILTON PHARMACY AND MEDICAL COMPANY INC.,UMAMAHESWARA DONEPUDI,HAMILTON,NJ,08610,6095857222,D,Deprioritize,GLP-1 Loss,191,90528.0,52.9
MARUTI RX LLC,RIMA PADIA,TRENTON,NJ,08610,6095866661,D,Deprioritize,GLP-1 Loss,191,90528.0,52.9
MARUTI RX LLC,RIMA PADIA,TRENTON,NJ,08610,6095866661,D,Deprioritize,GLP-1 Loss,191,90528.0,52.9
DASH AND COMPANY LLC,LISETTE DEVIA,ELIZABETH,NJ,07208,9085766053,D,Deprioritize,GLP-1 Loss,210,99540.0,52.8
NARAYAN RX LLC,KALPESH PATEL,ELIZABETH,NJ,07208,9083552400,D,Deprioritize,GLP-1 Loss,210,99540.0,52.8
NORTH BROAD PHARMACIES LLC,SYED HAYAT,ELIZABETH,NJ,07208,9085339347,D,Deprioritize,GLP-1 Loss,210,99540.0,52.8
327 ALEXANDRIA PHARMACY LLC,MINA RAFLA,ELIZABETH,NJ,07208,9084699653,D,Deprioritize,GLP-1 Loss,210,99540.0,52.8
GAURI PHARMACY INC,UMESH PATEL,ELIZABETH,NJ,07208,9084694061,D,Deprioritize,GLP-1 Loss,210,99540.0,52.8
NORTH BROAD PHARMACY LLC,MICHAEL GUIRGUS,ELIZABETH,NJ,07208,6095241133,D,Deprioritize,GLP-1 Loss,210,99540.0,52.8
PACHO MEJIA CORPORATION,FRANCISCO MEJIA,ELIZABETH,NJ,07208,9082890443,D,Deprioritize,GLP-1 Loss,210,99540.0,52.8
PRIMA RX LLC,AJIT SHAH,ELIZABETH,NJ,07208,9083552400,D,Deprioritize,GLP-1 Loss,210,99540.0,52.8
ST CYRILL PHARMACY LLC,MARYANNE ABDELNOOR,ELIZABETH,NJ,07208,9084699653,D,Deprioritize,GLP-1 Loss,210,99540.0,52.8
ELMORA RX PHARMACY LLC,MAGED MESSEHA,ELIZABETH,NJ,07202,9083429324,D,Deprioritize,GLP-1 Loss,210,99540.0,52.8
HIGH GROUNDS PHARMACY,JAMAK PATEL,ELIZABETH,NJ,07202,9085271112,D,Deprioritize,GLP-1 Loss,210,99540.0,52.8
HIGH TOUCH MEDS LLC,MOHAMMED KHEDR,ELIZABETH,NJ,07202,9083532000,D,Deprioritize,GLP-1 Loss,210,99540.0,52.8
MEDI TECH RX LLC,MOHAMMAD ISHHIB,ELIZABETH,NJ,07202,9085339700,D,Deprioritize,GLP-1 Loss,210,99540.0,52.8
VILLAGE SUPER MARKET OF NJ LP,MELISSA FIGUEROA RIVERA,ELIZABETH,NJ,07202,9085580049,D,Deprioritize,GLP-1 Loss,210,99540.0,52.8
"ELMORA PHARMACY, INC.",BENJAMIN HERTZ,ELIZABETH,NJ,07202,9083528808,D,Deprioritize,GLP-1 Loss,210,99540.0,52.8
HIGH TOUCH PHARMACY LLC,MOHAMMED KHEDR,ELIZABETH,NJ,07202,9083532000,D,Deprioritize,GLP-1 Loss,210,99540.0,52.8
HORSUP,AAKASH DHERI,ELIZABETH,NJ,07202,9083533282,D,Deprioritize,GLP-1 Loss,210,99540.0,52.8
PMC DRUGS LLC,PETER MESHREKY,ELIZABETH,NJ,07202,9085339700,D,Deprioritize,GLP-1 Loss,210,99540.0,52.8
"BERGEN FAMILY PHARMACY, INC.",MIN KIM,WEST NEW YORK,NJ,07093,2014304420,D,Deprioritize,GLP-1 Loss,206,97644.0,52.7
CONTIGO PHARMACY WNY CORP,JEANETTE MARTINEZ,WEST NEW YORK,NJ,07093,2019408882,D,Deprioritize,GLP-1 Loss,206,97644.0,52.7
M & M PHARMACY CORP,BYRON BARAHONA,WEST NEW YORK,NJ,07093,2018543535,D,Deprioritize,GLP-1 Loss,206,97644.0,52.7
"SHRI GANESHJI PHARMACY, INC.",MICHELLE TONG,WEST NEW YORK,NJ,07093,2018670615,D,Deprioritize,GLP-1 Loss,206,97644.0,52.7
DEVARIA LLC,HARESH KHAMBHATI,GUTTENBERG,NJ,07093,2014530555,D,Deprioritize,GLP-1 Loss,206,97644.0,52.7
SEIFERTS PHARMACY LLC,ROBERT PICCA,GUTTENBERG,NJ,07093,2018612333,D,Deprioritize,GLP-1 Loss,206,97644.0,52.7
BETTER HUDSON PHARMACY,SHIMAA AMIN,WEST NEW YORK,NJ,07093,3477059661,D,Deprioritize,GLP-1 Loss,206,97644.0,52.7
DEVARIA LLC,HARESH KHAMBHATI,WEST NEW YORK,NJ,07093,2014530555,D,Deprioritize,GLP-1 Loss,206,97644.0,52.7
PAN AMERICAN PHARMACY,FERNANDO ESTREMS,WEST NEW YORK,NJ,07093,2018617966,D,Deprioritize,GLP-1 Loss,206,97644.0,52.7
PSN PHARMACY INC,LAURENCE MENSAH,WEST NEW YORK,NJ,07093,2018541829,D,Deprioritize,GLP-1 Loss,206,97644.0,52.7
SUNRISE WELLNESS,NEIL GODHANI,WEST NEW YORK,NJ,07093,2017661900,D,Deprioritize,GLP-1 Loss,206,97644.0,52.7
FIVE TOWNS PHARMACY LLC,MEYER DAVIDOFF,ROCHELLE PARK,NJ,07662,2018807000,D,Deprioritize,GLP-1 Loss,197,93384.0,52.6
ZEECARE PHARMACY INC,MUHAMMAD ALI,AVENEL,NJ,07001,7322185237,D,Deprioritize,GLP-1 Loss,194,91956.0,52.6
"CAPITAL HEALTH COMMUNITY PHARMACY, LLC",AL MAGHAZEHE,PENNINGTON,NJ,08534,6095377497,D,Deprioritize,GLP-1 Loss,186,88164.0,52.5
PENNINGTON APOTHECARY LLC,WASAY HUSSAIN,PENNINGTON,NJ,08534,6097379297,D,Deprioritize,GLP-1 Loss,186,88164.0,52.5
UNION DRUGS LLC,ABDULMAJEED HOZIEN,UNION,NJ,07083,9084509800,D,Deprioritize,GLP-1 Loss,196,92904.0,52.5
UNION HEALTH PHARMACY LLC,MICHEL YOUSEF,UNION,NJ,07083,9083084499,D,Deprioritize,GLP-1 Loss,196,92904.0,52.5
VILLAGE SUPER MARKET OF NJ LP,MELISSA FIGUEROA RIVERA,UNION,NJ,07083,9088101062,D,Deprioritize,GLP-1 Loss,196,92904.0,52.5
JETHAKAUSHKAMAL INC,SONA VASWANI,UNION,NJ,07083,9082580663,D,Deprioritize,GLP-1 Loss,196,92904.0,52.5
ROXY PHARMACY INC,ANSELM ESOMONU,UNION,NJ,07083,9732428001,D,Deprioritize,GLP-1 Loss,196,92904.0,52.5
ADVANCED RX SOLUTIONS LLC,HARDIK SHAH,MILLTOWN,NJ,08850,7328280080,D,Deprioritize,GLP-1 Loss,192,91008.0,52.4
"RONETCO SUPERMARKETS, INC",MELISSA FIGUEROA RIVERA,NEWTON,NJ,07860,9735791119,D,Deprioritize,GLP-1 Loss,199,94320.0,52.4
BERNARDS RX LLC,BRANDON REBEIRO,BASKING RIDGE,NJ,07920,3863839810,D,Deprioritize,GLP-1 Loss,187,88632.0,52.4
MEMORIAL SLOAN KETTERING CANCER CENTER,SUSAN MURILLO,BASKING RIDGE,NJ,07920,9085423443,D,Deprioritize,GLP-1 Loss,187,88632.0,52.4
HEALTHY SOCIETY LLC,SANDHYA YARLAGADDA,MOUNT HOLLY,NJ,08060,6092676000,D,Deprioritize,GLP-1 Loss,192,91008.0,52.3
BOP RX INC,JONATHAN RUDITSER,WAYNE,NJ,07470,9738378770,D,Deprioritize,GLP-1 Loss,191,90528.0,52.3
"ST JOSEPHS HEALTH PHARMACY, LLC",RENA PATEL,WAYNE,NJ,07470,9733895270,D,Deprioritize,GLP-1 Loss,191,90528.0,52.3
VALLEY RX LLC,RINKAL PATEL,WAYNE,NJ,07470,9738327200,D,Deprioritize,GLP-1 Loss,191,90528.0,52.3
WAYNE RX INC,TATIANA QUIROZ,WAYNE,NJ,07470,9736966667,D,Deprioritize,GLP-1 Loss,191,90528.0,52.3
BOZOGLU LLC,KEMAL BOZOGLU,WAYNE,NJ,07470,9738378188,D,Deprioritize,GLP-1 Loss,191,90528.0,52.3
FARHAD AND BRIJAL LLC,FARHAD DARUWALA,WAYNE,NJ,07470,9735139940,D,Deprioritize,GLP-1 Loss,191,90528.0,52.3
WHARTON PHARMACY LLC,BRANDON RIBEIRO,WHARTON,NJ,07885,8623973133,D,Deprioritize,GLP-1 Loss,195,92424.0,52.3
WHARTON RX LLC,MOHAMED ASHOUR,WHARTON,NJ,07885,8623973133,D,Deprioritize,GLP-1 Loss,195,92424.0,52.3
"RXD PHARMACIES OF NJ, INC.",CRAIG LEHRMAN,COLLINGSWOOD,NJ,08108,8568589292,D,Deprioritize,GLP-1 Loss,191,90528.0,52.3
ASPIRE HEALTH PHARMACY,ASIM USMAN,CLIFFSIDE PARK,NJ,07010,2019432401,D,Deprioritize,GLP-1 Loss,202,95748.0,52.3
NATURE MED PHARMACY LLC,OLEG BEDA,CLIFFSIDE PARK,NJ,07010,2019458006,D,Deprioritize,GLP-1 Loss,202,95748.0,52.3
BERGEN CARE PHARMACY INC,WAQAR AHMED,FORT LEE,NJ,07024,2014614646,D,Deprioritize,GLP-1 Loss,195,92424.0,52.2
FORT LEE PHARMACY & SURGICAL INC,MYEONGHA JO,FORT LEE,NJ,07024,2013469202,D,Deprioritize,GLP-1 Loss,195,92424.0,52.2
FORT LEE PHARMACY & SURGICAL INC,MYEONGHA JO,FORT LEE,NJ,07024,2013469202,D,Deprioritize,GLP-1 Loss,195,92424.0,52.2
PHARMACY JUNCTION,NIDA MOHAMMAD,FORT LEE,NJ,07024,2018869191,D,Deprioritize,GLP-1 Loss,195,92424.0,52.2
RANDYS RX AND SURGICALS INC,RANDY SHRECK,FORT LEE,NJ,07024,2012244700,D,Deprioritize,GLP-1 Loss,195,92424.0,52.2
KIMTRE CORP.,JAMES KIM,FORT LEE,NJ,07024,2019475550,D,Deprioritize,GLP-1 Loss,195,92424.0,52.2
"MAGIC RX PLUS, INC.",WONYOL CHANG,FORT LEE,NJ,07024,2019441002,D,Deprioritize,GLP-1 Loss,195,92424.0,52.2
ROYAL PLAZA DRUG LLC,JUNGJIK LEE,FORT LEE,NJ,07024,2014820801,D,Deprioritize,GLP-1 Loss,195,92424.0,52.2
WELL MART & PHARMACY LLC,JEONG PARK,FORT LEE,NJ,07024,2014824705,D,Deprioritize,GLP-1 Loss,195,92424.0,52.2
DRUGS ARE US INC,JOANN HOBSON,HOPEWELL,NJ,08525,6094661960,D,Deprioritize,GLP-1 Loss,185,87696.0,52.2
CHLONE INC,DENA FERMAN,WOODBRIDGE,NJ,07095,7326360011,D,Deprioritize,GLP-1 Loss,192,91008.0,52.1
CHLONE INC,HARRY JOSWICK,WOODBRIDGE,NJ,07095,7326360011,D,Deprioritize,GLP-1 Loss,192,91008.0,52.1
"RYTEN RX, LLC",KRISTEN SCARPA,WOODBRIDGE,NJ,07095,7326360011,D,Deprioritize,GLP-1 Loss,192,91008.0,52.1
SIMPLE SIMON PHARMACY DEPT,NIKHIL PATEL,PARAMUS,NJ,07652,2012251040,D,Deprioritize,GLP-1 Loss,194,91956.0,52.0
THE PHARMACY AT BERGEN MEDICAL LLC,ANUSH AMIN,PARAMUS,NJ,07652,2155372701,D,Deprioritize,GLP-1 Loss,194,91956.0,52.0
BFP APOTHECARY INC,BARBARA PALADINO,PARAMUS,NJ,07652,2012614641,D,Deprioritize,GLP-1 Loss,194,91956.0,52.0
DIRECT MEDS PARAMUS INC,MUNR KAZMIR,PARAMUS,NJ,07652,2015850616,D,Deprioritize,GLP-1 Loss,194,91956.0,52.0
HEALTH HEAVEN RX LLC,CHIEDOZIE CHUKWUNEKE,LINDEN,NJ,07036,9085836665,D,Deprioritize,GLP-1 Loss,201,95280.0,51.9
HEALTH HEAVEN RX LLC,CHIEDOZIE CHUKWUNEKE,LINDEN,NJ,07036,9085836665,D,Deprioritize,GLP-1 Loss,201,95280.0,51.9
MARIA DRUGS INC,RAMY ATTIA,LINDEN,NJ,07036,9089257700,D,Deprioritize,GLP-1 Loss,201,95280.0,51.9
NEIL DRUGS INC,ANUP BORAWALA,LINDEN,NJ,07036,9085836665,D,Deprioritize,GLP-1 Loss,201,95280.0,51.9
SAIDURGA PHARMACY CORP,MARIA MUBEEN,LINDEN,NJ,07036,9084861875,D,Deprioritize,GLP-1 Loss,201,95280.0,51.9
ST GEORGE HEALTHCARE,VINEET PARIKH,LINDEN,NJ,07036,9089254567,D,Deprioritize,GLP-1 Loss,201,95280.0,51.9
SUPER HEALTH PHARMACY NJ LLC,PARTHIV SHAH,LINDEN,NJ,07036,9087185459,D,Deprioritize,GLP-1 Loss,201,95280.0,51.9
CARERX LLC,JAY VEKARIA,LINDEN,NJ,07036,9085836665,D,Deprioritize,GLP-1 Loss,201,95280.0,51.9
"ELITE PHARMACY, INC",THOMAS CONZO,LINDEN,NJ,07036,9085872000,D,Deprioritize,GLP-1 Loss,201,95280.0,51.9
RAAB PHARMACY INC,PETER KUNTZ,LINDEN,NJ,07036,9085872000,D,Deprioritize,GLP-1 Loss,201,95280.0,51.9
SCHRAFTS 2,ADAM HAIT,CEDAR KNOLLS,NJ,07927,8557247238,D,Deprioritize,GLP-1 Loss,191,90528.0,51.8
TOWNE DRUGS LLC,DHIMAN PARIKH,CEDAR KNOLLS,NJ,07927,9735386787,D,Deprioritize,GLP-1 Loss,191,90528.0,51.8
TOWNE DRUGS LLC,DHIMAN PARIKH,CEDAR KNOLLS,NJ,07927,9735386787,D,Deprioritize,GLP-1 Loss,191,90528.0,51.8
J & P HOLDING COMPANY INC,HITESH PATEL,PLAINFIELD,NJ,07060,9087560008,D,Deprioritize,GLP-1 Loss,210,99540.0,51.8
PLAINFIELD RX LLC,BHAVESH PATEL,PLAINFIELD,NJ,07060,9083245100,D,Deprioritize,GLP-1 Loss,210,99540.0,51.8
PASSAIC VALLEY MEDICAL PHARMACY LLC,ANUSH AMIN,WOODLAND PARK,NJ,07424,9732560222,D,Deprioritize,GLP-1 Loss,190,90060.0,51.8
LITTLE FALLS RX LLC,RANIA ABDULKADER,LITTLE FALLS,NJ,07424,9736381561,D,Deprioritize,GLP-1 Loss,190,90060.0,51.8
TRI TOWN PHARMACY LLC,LUCY ISAAC,WOODLAND PARK,NJ,07424,9738378830,D,Deprioritize,GLP-1 Loss,190,90060.0,51.8
BOYDS PHARMACY OF BORDENTOWN INC,CLARK BOYD,BORDENTOWN,NJ,08505,6092981811,D,Deprioritize,GLP-1 Loss,190,90060.0,51.7
CAREGENT,FRED ADOMAKO,BORDENTOWN,NJ,08505,9173854772,D,Deprioritize,GLP-1 Loss,190,90060.0,51.7
MCDERMOTT DRUG CORP,AMIT DATWANI,PATERSON,NJ,07502,9737908486,D,Deprioritize,GLP-1 Loss,204,96696.0,51.7
GMK PHARMACY INC,KEERTHI MANOSE KONDAMURI,PATERSON,NJ,07502,9739427329,D,Deprioritize,GLP-1 Loss,204,96696.0,51.7
PB PHARMACY,AMIT PATEL,PATERSON,NJ,07502,9739427329,D,Deprioritize,GLP-1 Loss,204,96696.0,51.7
MGR PHARMA LLC,CHRISTINA GERGES,MANALAPAN,NJ,07726,7325364705,D,Deprioritize,GLP-1 Loss,194,91956.0,51.7
UNION HILL PHARMACY INC,MAHMOOD HASHAM,ENGLISHTOWN,NJ,07726,7329722333,D,Deprioritize,GLP-1 Loss,194,91956.0,51.7
AMIN RX LLC,PINKALKUMAR AMIN,MANALAPAN,NJ,07726,7323089099,D,Deprioritize,GLP-1 Loss,194,91956.0,51.7
"OHM SHIVAY, INC.",NITIN KHANDWALA,MANALAPAN,NJ,07726,7325364705,D,Deprioritize,GLP-1 Loss,194,91956.0,51.7
"SHP MANALAPAN, LLC",CHRISTINA SALAMA,MANALAPAN,NJ,07726,7325364705,D,Deprioritize,GLP-1 Loss,194,91956.0,51.7
FRIENDS HEALTHCARE,TULIKA HIJLI,KEYPORT,NJ,07735,7322640904,D,Deprioritize,GLP-1 Loss,196,92904.0,51.7
EVESHAM SUPERMARKET LLC,MELISSA FIGUEROA RIVERA,CHERRY HILL,NJ,08003,8562160115,D,Deprioritize,GLP-1 Loss,189,89592.0,51.6
"RONETCO SUPERMARKETS, INC",MELISSA FIGUEROA RIVERA,SUCCASUNNA,NJ,07876,9735844466,D,Deprioritize,GLP-1 Loss,192,91008.0,51.6
"QUALITYHEALTH PHARMACY, LLC",CHRISTY BARR,CHERRY HILL,NJ,08003,8333532094,D,Deprioritize,GLP-1 Loss,189,89592.0,51.6
A Z MEDICAL SYSTEMS INC,MOHAMMAD KHAN,BRANCHVILLE,NJ,07826,9739483170,D,Deprioritize,GLP-1 Loss,198,93852.0,51.5
DAKSHA SAIRAM LLC,SWATHI PINNAMANENI,WEST WINDSOR,NJ,08550,6094260441,D,Deprioritize,GLP-1 Loss,185,87696.0,51.5
BLOOMFIELD DRUGS LLC,ASMAA IBRAHIM,BLOOMFIELD,NJ,07003,9737802400,D,Deprioritize,GLP-1 Loss,185,87696.0,51.4
GLB SHOP ASSOCIATES LLC,MELISSA FIGUEROA RIVERA,BLOOMFIELD,NJ,07003,9733384143,D,Deprioritize,GLP-1 Loss,185,87696.0,51.4
GLENWOOD PHARMACY LLC,ILOMANI YADGAROV,BLOOMFIELD,NJ,07003,9737433300,D,Deprioritize,GLP-1 Loss,185,87696.0,51.4
PADAWAN PHARMA INC,LAWRENCE SALVADOR,BLOOMFIELD,NJ,07003,9733387300,D,Deprioritize,GLP-1 Loss,185,87696.0,51.4
UNICARE RX INC.,SOFIA KATAL,BLOOMFIELD,NJ,07003,9738935957,D,Deprioritize,GLP-1 Loss,185,87696.0,51.4
BROAD ST PHARMACY LLC,SHEREEN BADER,BLOOMFIELD,NJ,07003,9738935957,D,Deprioritize,GLP-1 Loss,185,87696.0,51.4
"BURGESS PHARMACY, INC",DANIEL ALBIZATI,BLOOMFIELD,NJ,07003,9737431005,D,Deprioritize,GLP-1 Loss,185,87696.0,51.4
BBB PHARMACY INC,HITESHKUMAR TIMBADIYA,ROCKAWAY,NJ,07866,9739573007,D,Deprioritize,GLP-1 Loss,191,90528.0,51.4
POLARIS SPECIALTY PHARMACY LLC,GINA HUNT,ROCKAWAY,NJ,07866,8662953015,D,Deprioritize,GLP-1 Loss,191,90528.0,51.4
ROCKAWAY PHARMACY INC,ROBERT SIEGELMAN,ROCKAWAY,NJ,07866,9736275544,D,Deprioritize,GLP-1 Loss,191,90528.0,51.4
HU PHARMA SERVICES LLC,RAYMOND HA,ROCKAWAY,NJ,07866,7324477832,D,Deprioritize,GLP-1 Loss,191,90528.0,51.4
PENLAR PHARMACY INC,KAUSHAL PATEL,LAWRENCEVILLE,NJ,08648,6098950444,D,Deprioritize,GLP-1 Loss,183,86736.0,51.4
QBRX INC,MUHAMMAD KHALID,LAWRENCEVILLE,NJ,08648,9086884849,D,Deprioritize,GLP-1 Loss,183,86736.0,51.4
"SZS, INC.",SHIVANI BHARDWAJ,LAWRENCEVILLE,NJ,08648,6098827777,D,Deprioritize,GLP-1 Loss,183,86736.0,51.4
PRINCETON PIKE RX LLC,HYUNG SEOK LEE,LAWRENCEVILLE,NJ,08648,6094503740,D,Deprioritize,GLP-1 Loss,183,86736.0,51.4
SILVER PHARMA,DLAVAR ATHAR,LAWRENCEVILLE,NJ,08648,9086884849,D,Deprioritize,GLP-1 Loss,183,86736.0,51.4
ALL CARE PHARMACY CORPORATION,AMAN KHATIB,HACKENSACK,NJ,07601,7322895186,D,Deprioritize,GLP-1 Loss,201,95280.0,51.3
HACKENSACK PHARMACY INC,SHEMAL BODAWALA,HACKENSACK,NJ,07601,2014881230,D,Deprioritize,GLP-1 Loss,201,95280.0,51.3
NOVO RX PHARMACY,AHMED HASSAN,HACKENSACK,NJ,07601,9292569291,D,Deprioritize,GLP-1 Loss,201,95280.0,51.3
YORKSHIRE DRUGS LLC,SHEFALI SHAH,HACKENSACK,NJ,07601,2013421999,D,Deprioritize,GLP-1 Loss,201,95280.0,51.3
EZ PHARMACY INC,EDUARD ILYASOV,HACKENSACK,NJ,07601,2019685960,D,Deprioritize,GLP-1 Loss,201,95280.0,51.3
ISNR PHARMACY LLC,MUSTAFA BHATTI,HACKENSACK,NJ,07601,7862994734,D,Deprioritize,GLP-1 Loss,201,95280.0,51.3
PENIEL PHARMACY,DELOVE ARTHUR,HACKENSACK,NJ,07601,9738072763,D,Deprioritize,GLP-1 Loss,201,95280.0,51.3
RXD OF GLOUCESTER,CRAIG LEHRMAN,GLOUCESTER CITY,NJ,08030,8564562761,D,Deprioritize,GLP-1 Loss,195,92424.0,51.2
DRUGSMART PHARMACY LLC,KEYUR SHAH,KEANSBURG,NJ,07734,7327695550,D,Deprioritize,GLP-1 Loss,200,94800.0,51.1
NATES NJ PHARMACY CORP,VENKATA APASANI,KEANSBURG,NJ,07734,7327871314,D,Deprioritize,GLP-1 Loss,200,94800.0,51.1
BERTS PHARMACY INC,PRAKASH PATEL,ELIZABETH,NJ,07206,9083510644,D,Deprioritize,GLP-1 Loss,207,98112.0,51.1
KRISHAANS PHARMACY INC,GIRISH PATEL,ELIZABETH,NJ,07206,9083510644,D,Deprioritize,GLP-1 Loss,207,98112.0,51.1
SUPERIOR PHARMACY LLC,PATRICK AGBAZUE,ELIZABETH,NJ,07206,9082826300,D,Deprioritize,GLP-1 Loss,207,98112.0,51.1
SIDDHI GANESHA INC,DEVANG NAGRECHA,ELIZABETH,NJ,07206,9089949300,D,Deprioritize,GLP-1 Loss,207,98112.0,51.1
BUNNS OLDE TYME PHARMACY,ALLEN BUNN,CREAM RIDGE,NJ,08514,6097586100,D,Deprioritize,GLP-1 Loss,193,91488.0,51.1
GAJRAJRX CORP,ANKUR PATEL,OAKHURST,NJ,07755,7325313784,D,Deprioritize,GLP-1 Loss,193,91488.0,51.1
PHARMACY OF OCEAN LLC,HEBATALLAH ASKAR,OAKHURST,NJ,07755,5514045569,D,Deprioritize,GLP-1 Loss,193,91488.0,51.1
MAYWOOD RX INC,SHEMAL BODAWALA,MAYWOOD,NJ,07607,2018805290,D,Deprioritize,GLP-1 Loss,196,92904.0,51.0
COLTS NECK APOTHECARY INC,ALEXANDER TOTH,COLTS NECK,NJ,07722,7327805480,D,Deprioritize,GLP-1 Loss,191,90528.0,50.8
COLTS NECK APOTHECARY INC,ROBERT CIOFFI,COLTS NECK,NJ,07722,7327805480,D,Deprioritize,GLP-1 Loss,191,90528.0,50.8
MAHANT PHARMACY LLC,AKSHAR PATEL,EAST WINDSOR,NJ,08520,6093082887,D,Deprioritize,GLP-1 Loss,184,87216.0,50.7
SYBEX LABS,YASIR RIZVI,EAST WINDSOR,NJ,08520,8313189196,D,Deprioritize,GLP-1 Loss,184,87216.0,50.7
RHYTHM RX LLC,SHASHWAT GAUDANI,HIGHTSTOWN,NJ,08520,6093719000,D,Deprioritize,GLP-1 Loss,184,87216.0,50.7
SAYANA MODI LLC,CHIRAG MODI,SEWELL,NJ,08080,5516556034,D,Deprioritize,GLP-1 Loss,198,93852.0,50.7
BELLS HEALTHCARE ENTERPRISES INC,JOHN SCLAFANI,EDISON,NJ,08817,7329851211,D,Deprioritize,GLP-1 Loss,187,88632.0,50.6
EDISON 1 PHARMACY INC,NANCY IBRAHIM,EDISON,NJ,08817,7325159027,D,Deprioritize,GLP-1 Loss,187,88632.0,50.6
ISAACS PHARMACY,WAEL ISAAC,EDISON,NJ,08817,7322873999,D,Deprioritize,GLP-1 Loss,187,88632.0,50.6
RANCH HEALTH EDISON LLC,CECILIA WONG,EDISON,NJ,08817,9088583672,D,Deprioritize,GLP-1 Loss,187,88632.0,50.6
WASIM CORPORATION,NICKOLAS MARTINS,EDISON,NJ,08817,7327771717,D,Deprioritize,GLP-1 Loss,187,88632.0,50.6
CARP888,CHRISTINE EO,EDISON,NJ,08817,7323543777,D,Deprioritize,GLP-1 Loss,187,88632.0,50.6
EASTERN HEALTH & BEAUTY LLC,NINGRONG ZHANG,EDISON,NJ,08817,6508628664,D,Deprioritize,GLP-1 Loss,187,88632.0,50.6
OASIS PHARMACY LLC,DILIP PATEL,EDISON,NJ,08817,7325431320,D,Deprioritize,GLP-1 Loss,187,88632.0,50.6
YFCC GROUP LLC,YING DUN,EDISON,NJ,08817,7322489322,D,Deprioritize,GLP-1 Loss,187,88632.0,50.6
EDISON CARE PHARMACY LLC,HAMMAD MOHAMMAD,EDISON,NJ,08837,8483853901,D,Deprioritize,GLP-1 Loss,188,89112.0,50.6
BONHAMTOWN PHARMACY LLC,ANKUR SHAH,EDISON,NJ,08837,7326054307,D,Deprioritize,GLP-1 Loss,188,89112.0,50.6
NDH RX INC,NANCY PATEL,ELIZABETH,NJ,07201,9084696363,D,Deprioritize,GLP-1 Loss,205,97176.0,50.6
NEO TECH PHARMA LLC,NOEMAN AHMED,ELIZABETH,NJ,07201,9083550005,D,Deprioritize,GLP-1 Loss,205,97176.0,50.6
NPC PHARMA LLC,MICHAEL MODZELEWSKI,ELIZABETH,NJ,07201,9089941525,D,Deprioritize,GLP-1 Loss,205,97176.0,50.6
QUICK RX LLC,HARSH PATEL,ELIZABETH,NJ,07201,9084696363,D,Deprioritize,GLP-1 Loss,205,97176.0,50.6
SAADIYA HEALTH LLC,SHUCHIT DOSHI,ELIZABETH,NJ,07201,9089941525,D,Deprioritize,GLP-1 Loss,205,97176.0,50.6
ALPHACARERX LLC,PETER MESHREKY,ELIZABETH,NJ,07201,9083550005,D,Deprioritize,GLP-1 Loss,205,97176.0,50.6
COLTONS RX INC,SHEKHAR NALABOLU,ELIZABETH,NJ,07201,9083538200,D,Deprioritize,GLP-1 Loss,205,97176.0,50.6
RJ PHARMACY BUSINESS LLC,AYMAN SOKAR,ELIZABETH,NJ,07201,9083554480,D,Deprioritize,GLP-1 Loss,205,97176.0,50.6
TOP CARE PHARMACY LLC,PETER MASSAK,ELIZABETH,NJ,07201,9083550571,D,Deprioritize,GLP-1 Loss,205,97176.0,50.6
LITTLE FERRY RX INC,SILVIJA MARKANOVIC,LITTLE FERRY,NJ,07643,2016417200,D,Deprioritize,GLP-1 Loss,197,93384.0,50.6
SV SWAPNA DRUGS INC,FAHAD KHAN,CRANFORD,NJ,07016,9082766100,D,Deprioritize,GLP-1 Loss,190,90060.0,50.5
95 FERRY PHARMACY INC,OMAR PEREZ-ACOSTA,NEWARK,NJ,07105,9737329181,D,Deprioritize,GLP-1 Loss,187,88632.0,50.5
EVERGREEN HEALTH RX LLC,SHERRY BOLOS,NEWARK,NJ,07105,9733440394,D,Deprioritize,GLP-1 Loss,187,88632.0,50.5
FERRY APOTHECARY LLC,SARAH FOZI,NEWARK,NJ,07105,9735893936,D,Deprioritize,GLP-1 Loss,187,88632.0,50.5
JEMMISON HOLDING CORP,JERRY ZNAK,NEWARK,NJ,07105,9733448663,D,Deprioritize,GLP-1 Loss,187,88632.0,50.5
NEWARK PHARMACY LLC,SWITI PATEL,NEWARK,NJ,07105,9739937510,D,Deprioritize,GLP-1 Loss,187,88632.0,50.5
PENN PHARMACY LLC,ESMAEL ABDELHADI,NEWARK,NJ,07105,9737329180,D,Deprioritize,GLP-1 Loss,187,88632.0,50.5
"SAINT JAMES HEALTH, INC",NICOLE FIELDS,NEWARK,NJ,07105,9736796851,D,Deprioritize,GLP-1 Loss,187,88632.0,50.5
GROVE PHARMACY LIMITED LIABILITY COMPANY,RIKIT PATEL,MONTCLAIR,NJ,07042,9737445550,D,Deprioritize,GLP-1 Loss,182,86268.0,50.3
ST PAUL PHARMACY LLC,WAEL ISAAC,MONTCLAIR,NJ,07042,7182106113,D,Deprioritize,GLP-1 Loss,182,86268.0,50.3
SERKET PHARMACY LLC,MOHAMED DANDASH,MONTCLAIR,NJ,07042,9733376031,D,Deprioritize,GLP-1 Loss,182,86268.0,50.3
ZEN RX CORP,NAYNA PATEL,KEARNY,NJ,07032,2019912444,D,Deprioritize,GLP-1 Loss,194,91956.0,50.3
RUMSON PHARMACY NJ LLC,AMIT PATEL,RUMSON,NJ,07760,7328421234,D,Deprioritize,GLP-1 Loss,190,90060.0,50.2
NIAZ RX INC,MAHAM NIAZ,POMPTON LAKES,NJ,07442,9738359900,D,Deprioritize,GLP-1 Loss,187,88632.0,50.2
WINSLOW PHARMACY,JOHN AGYEMANG,SICKLERVILLE,NJ,08081,8564229050,D,Deprioritize,GLP-1 Loss,193,91488.0,50.1
EXPRESS SAVINGS PHARMACY,AL JALLOW,SICKLERVILLE,NJ,08081,8565661100,D,Deprioritize,GLP-1 Loss,193,91488.0,50.1
"PAMAD, INC",MARK ADLER,SICKLERVILLE,NJ,08081,8562629000,D,Deprioritize,GLP-1 Loss,193,91488.0,50.1
COMMUNITY PHARMACY RX INC,FARJAD HAIDER,JERSEY CITY,NJ,07304,2013334700,D,Deprioritize,GLP-1 Loss,195,92424.0,50.1
LASANI PHARMACY INC.,IQRA AHMED,JERSEY CITY,NJ,07304,2016857332,D,Deprioritize,GLP-1 Loss,195,92424.0,50.1
PHA4 LLC,PAYAL AMIN,JERSEY CITY,NJ,07304,2013336968,D,Deprioritize,GLP-1 Loss,195,92424.0,50.1
VERONA PHARMACY INC,ASHRAF ASHAMALLA,JERSEY CITY,NJ,07304,2019469500,D,Deprioritize,GLP-1 Loss,195,92424.0,50.1
COMMUNITY PHARMACY & SURGICAL INC,HASAN CHAUDHRY,JERSEY CITY,NJ,07304,2013334700,D,Deprioritize,GLP-1 Loss,195,92424.0,50.1
COSMO CARE,GHAZALA ZUBAIR,JERSEY CITY,NJ,07304,2013323168,D,Deprioritize,GLP-1 Loss,195,92424.0,50.1
SUMMIT PHARMACY GROUP LLC,SREEDHAR VAJINEPALLI,JERSEY CITY,NJ,07304,2013336968,D,Deprioritize,GLP-1 Loss,195,92424.0,50.1
SUMMIT PHARMACY GROUP LLC,SREEDHAR VAJINEPALLI,JERSEY CITY,NJ,07304,2014346968,D,Deprioritize,GLP-1 Loss,195,92424.0,50.1
WESTSIDE PHARMACY LLC,BASSEM GHALY,JERSEY CITY,NJ,07304,2013603233,D,Deprioritize,GLP-1 Loss,195,92424.0,50.1
"HACKENSACK MERIDIAN AMBULATORY CARE, INC",RICHARD HAND,CLIFTON,NJ,07014,9738307905,D,Deprioritize,GLP-1 Loss,187,88632.0,50.1
ELMWOOD DRUGS INC,SILVIO BARON,ELMWOOD PARK,NJ,07407,2017960400,D,Deprioritize,GLP-1 Loss,197,93384.0,50.1
"PHARMACYX INC,",MOSES FISCHMAN,ELMWOOD PARK,NJ,07407,2017960400,D,Deprioritize,GLP-1 Loss,197,93384.0,50.1
TRANSCEND PHARMACY SERVICES LLC,RADWA SALAMA,ELMWOOD PARK,NJ,07407,5516665110,D,Deprioritize,GLP-1 Loss,197,93384.0,50.1
SAWP LLC,SYED HUSSAINI,ELMWOOD PARK,NJ,07407,9733241000,D,Deprioritize,GLP-1 Loss,197,93384.0,50.1
BCP PHARMACY LLC,SNEHAL SHAH,BAYONNE,NJ,07002,2018585215,D,Deprioritize,GLP-1 Loss,193,91488.0,50.0
CITYRX PHARMACY LLC,PETER MESHREKY,BAYONNE,NJ,07002,2013459600,D,Deprioritize,GLP-1 Loss,193,91488.0,50.0
DREKEI INC,ANDRE BROWN,BAYONNE,NJ,07002,2014365875,D,Deprioritize,GLP-1 Loss,193,91488.0,50.0
FAST AID RX PHARMACY LLC,CHRIS MEKAIL,BAYONNE,NJ,07002,2014432516,D,Deprioritize,GLP-1 Loss,193,91488.0,50.0
HEALING PHARMACY INC,AYMAN SOKAR,BAYONNE,NJ,07002,5512229945,D,Deprioritize,GLP-1 Loss,193,91488.0,50.0
JERRY'S DRUG & SURGICAL LLC,JAY PATEL,BAYONNE,NJ,07002,2013391992,D,Deprioritize,GLP-1 Loss,193,91488.0,50.0
RTL INC,RAY MARS,BAYONNE,NJ,07002,9738866133,D,Deprioritize,GLP-1 Loss,193,91488.0,50.0
SAINT MARIA PHARMACY INC.,WAQAR AHMED,BAYONNE,NJ,07002,2015350440,D,Deprioritize,GLP-1 Loss,193,91488.0,50.0
VIRAJ MANAGEMENT LLC,PRACHI GROVER,BAYONNE,NJ,07002,2015206561,D,Deprioritize,GLP-1 Loss,193,91488.0,50.0
BAYONNE PHARMACY GROUP LLC,MINA YOUSSEF,BAYONNE,NJ,07002,2014375100,D,Deprioritize,GLP-1 Loss,193,91488.0,50.0
BAYONNE RX APOTHECARY INC,MUHAMMAD SIDDIQUE,BAYONNE,NJ,07002,2014712537,D,Deprioritize,GLP-1 Loss,193,91488.0,50.0
BROAD SPECIALTY PHARMACY,FAHAD KHAN,BAYONNE,NJ,07002,2013392273,D,Deprioritize,GLP-1 Loss,193,91488.0,50.0
BROADWAY RX INC,ASHRAF ASHAMALLA,BAYONNE,NJ,07002,2014712400,D,Deprioritize,GLP-1 Loss,193,91488.0,50.0
HEALTHY LIFE PHARMACY CORP,ASHRAF ASHAMALLA,BAYONNE,NJ,07002,2013391200,D,Deprioritize,GLP-1 Loss,193,91488.0,50.0
HUDACKO'S PHARMACY INC,BRIAN HOST,BAYONNE,NJ,07002,2014364488,D,Deprioritize,GLP-1 Loss,193,91488.0,50.0
LIBERTY PHARMACY INC,ASHRAF ASHAMALLA,BAYONNE,NJ,07002,2014367000,D,Deprioritize,GLP-1 Loss,193,91488.0,50.0
SRVN PHARMACY INC,RATHNA VEERAMACHANANI,BAYONNE,NJ,07002,2014372175,D,Deprioritize,GLP-1 Loss,193,91488.0,50.0
ST MARIA PHARMACY,FEBY GEWARGY,BAYONNE,NJ,07002,2019350440,D,Deprioritize,GLP-1 Loss,193,91488.0,50.0
ST MARINA PHARMACY INC,SHERINE SOLIMAN,BAYONNE,NJ,07002,2013391940,D,Deprioritize,GLP-1 Loss,193,91488.0,50.0
"RONETCO SUPERMARKETS, INC",ANTONIO LASALA,SUSSEX,NJ,07461,9739278300,D,Deprioritize,GLP-1 Loss,196,92904.0,50.0
BAKER PHARMACY INC.,SREENIVAS BHAT,SUSSEX,NJ,07461,9738754141,D,Deprioritize,GLP-1 Loss,196,92904.0,50.0
LITTLE SILVER FAMILY PHARMACY,MATTHEW PARISI,LITTLE SILVER,NJ,07739,7327411121,D,Deprioritize,GLP-1 Loss,189,89592.0,49.9
LITTLE SILVER FAMILY PHARMACY LLC,MATTHEW PARISI,LITTLE SILVER,NJ,07739,7327411121,D,Deprioritize,GLP-1 Loss,189,89592.0,49.9
HOPE PHARMACY,GEORGE JOHN,BRANCHBURG,NJ,08876,2015629353,D,Deprioritize,GLP-1 Loss,185,87696.0,49.8
40 W SOMERVILLE LLC,AMMARA MAQBOOL,SOMERVILLE,NJ,08876,9083334442,D,Deprioritize,GLP-1 Loss,185,87696.0,49.8
RARITAN VALLEY HEALTHCARE ENTERPRISES LLC,SAGAR PATEL,BRANCHBURG,NJ,08876,9084295544,D,Deprioritize,GLP-1 Loss,185,87696.0,49.8
MARG PHARMACY INC,ALISON FARRELL,SOMERVILLE,NJ,08876,9087250585,D,Deprioritize,GLP-1 Loss,185,87696.0,49.8
"ZUFALL HEALTH CENTER, INC",IMOGENE ANDERSON,DOVER,NJ,07801,9733660976,D,Deprioritize,GLP-1 Loss,196,92904.0,49.8
PLANET HEALTH PHARMACY CORP,MAULIK SHAH,BOONTON,NJ,07005,9733343460,D,Deprioritize,GLP-1 Loss,188,89112.0,49.8
POPE KIROLOS RX LLC,SAMOEEL SHAKHLOL,BOONTON,NJ,07005,9733340519,D,Deprioritize,GLP-1 Loss,188,89112.0,49.8
JEA AVA MARIA LLC,JOHN GHALY,BOONTON,NJ,07005,9733340519,D,Deprioritize,GLP-1 Loss,188,89112.0,49.8
AMR PHARMACY LLC,SHIGGY ROSENBERG,LAKEWOOD,NJ,08701,8482221110,D,Deprioritize,GLP-1 Loss,185,87696.0,49.6
TEAMS PHARMACY CORP,HOSSAMELDIN ABDELHALIM,LAKEWOOD,NJ,08701,7323675222,D,Deprioritize,GLP-1 Loss,185,87696.0,49.6
CEDAR CHEMISTS INC,PARVANEH GABRABADI,TEANECK,NJ,07666,2018367003,D,Deprioritize,GLP-1 Loss,195,92424.0,49.6
PARKVIEW PHARMACY LLC,PARDIS POURNAZARI,TEANECK,NJ,07666,2018376368,D,Deprioritize,GLP-1 Loss,195,92424.0,49.6
MEMORIAL SLOAN KETTERING CANCER CENTER,SUSAN MURILLO,MIDDLETOWN,NJ,07748,8482256060,D,Deprioritize,GLP-1 Loss,189,89592.0,49.5
SAKER SHOPRITES INC,MELISSA FIGUEROA RIVERA,MIDDLETOWN,NJ,07748,7326711313,D,Deprioritize,GLP-1 Loss,189,89592.0,49.5
AMWELL CARE LLC,NEENU CHANDY,HILLSBOROUGH,NJ,08844,9088293431,D,Deprioritize,GLP-1 Loss,183,86736.0,49.2
AMWELL PHARMACY INC.,ACHILLES ALON,HILLSBOROUGH,NJ,08844,9088293431,D,Deprioritize,GLP-1 Loss,183,86736.0,49.2
HILLSBORO PHARMACY LLC,NIRAV PATEL,HILLSBOROUGH,NJ,08844,9085206400,D,Deprioritize,GLP-1 Loss,183,86736.0,49.2
"ZUFALL HEALTH CENTER, INC",IMOGENE ANDERSON,MORRISTOWN,NJ,07960,9733289100,D,Deprioritize,GLP-1 Loss,187,88632.0,49.1
MORRISTOWN RX LLC,NAVDEEP SINGH,MORRISTOWN,NJ,07960,9739980287,D,Deprioritize,GLP-1 Loss,187,88632.0,49.1
1819 PHARMACY RX LLC,JITENDRA KHUNT,SCOTCH PLAINS,NJ,07076,9086331408,D,Deprioritize,GLP-1 Loss,187,88632.0,49.1
CUREX PHARMACY LLC,VANESSA LAKISZAK,SCOTCH PLAINS,NJ,07076,9086331408,D,Deprioritize,GLP-1 Loss,187,88632.0,49.1
SANVHI INC,TEJAS GANDHI,SCOTCH PLAINS,NJ,07076,9088892322,D,Deprioritize,GLP-1 Loss,187,88632.0,49.1
BLOOMING HEALTH LLC,AMGAD WASSEF,PARK RIDGE,NJ,07656,2015542200,D,Deprioritize,GLP-1 Loss,192,91008.0,49.0
RIDGEMONT DRUGS LLC,ARTHUR BARTHOLD,PARK RIDGE,NJ,07656,2013913232,D,Deprioritize,GLP-1 Loss,192,91008.0,49.0
DPMP GROUP INC,DEEP PATEL,PARSIPPANY,NJ,07054,8629018289,D,Deprioritize,GLP-1 Loss,187,88632.0,49.0
PARSIPPANY PHARMACY LLC,SREEDHAR VAJINEPALLI,PARSIPPANY,NJ,07054,9739173850,D,Deprioritize,GLP-1 Loss,187,88632.0,49.0
SHRI LAKE SHORE PHARMACY LLC,MUHAMMAD ADEEL,PARSIPPANY,NJ,07054,8627015808,D,Deprioritize,GLP-1 Loss,187,88632.0,49.0
ALLWOOD PHARMACY INC.,CHIRAG PATEL,SADDLE BROOK,NJ,07663,2019566768,D,Deprioritize,GLP-1 Loss,193,91488.0,49.0
CARL'S TOWN PHARMACY LLC,FRANCO JAIME,CARLSTADT,NJ,07072,2017771304,D,Deprioritize,GLP-1 Loss,193,91488.0,48.9
SAKER SHOPRITES INC,MELISSA FIGUEROA RIVERA,MONMOUTH JUNCTION,NJ,08852,7324385222,D,Deprioritize,GLP-1 Loss,183,86736.0,48.8
"BLEEDING DISORDERS RESOURCE NETWORK, LLC",PEDRO VENTO,DENVILLE,NJ,07834,9735139031,D,Deprioritize,GLP-1 Loss,186,88164.0,48.8
NDAH CORP,ROHIT KUMAR,DENVILLE,NJ,07834,8622094555,D,Deprioritize,GLP-1 Loss,186,88164.0,48.8
DORSI'S DELI & PHARMACY INC,ROBERT DORSI,STIRLING,NJ,07980,9086477878,D,Deprioritize,GLP-1 Loss,186,88164.0,48.8
CORNERSTONE PHARMACY,DOU HWAN KIM,MENDHAM,NJ,07945,9735432525,D,Deprioritize,GLP-1 Loss,187,88632.0,48.8
PRINCETON MEDICAL PHARMACY LLC,ANUSH AMIN,PRINCETON,NJ,08540,6095037731,D,Deprioritize,GLP-1 Loss,181,85800.0,48.7
CHANDLER PHARMACY LLC,AHMED AHMED,NEW BRUNSWICK,NJ,08901,7325431568,D,Deprioritize,GLP-1 Loss,188,89112.0,48.7
ELMASRI INCORPORATED,SHERIF ELMASRI,NEW BRUNSWICK,NJ,08901,7324489444,D,Deprioritize,GLP-1 Loss,188,89112.0,48.7
B.RADHAKRISHNAN TA ZAJACS PHARMACY,BALAKACHETTY RADHAKRISHNAN,NEW BRUNSWICK,NJ,08901,7325450582,D,Deprioritize,GLP-1 Loss,188,89112.0,48.7
K&J PHARMACY LLC,JISUP HAN,NORWOOD,NJ,07648,2012726224,D,Deprioritize,GLP-1 Loss,192,91008.0,48.7
NORWOOD PHARMACY LLC,EUN LEE,NORWOOD,NJ,07648,2017770121,D,Deprioritize,GLP-1 Loss,192,91008.0,48.7
MY SPECIALTY RX LLC,MAYEZ ENVER,PISCATAWAY,NJ,08854,7322537922,D,Deprioritize,GLP-1 Loss,182,86268.0,48.6
SRI VENKATA INC,MANOJ MANDA,PISCATAWAY,NJ,08854,7328851000,D,Deprioritize,GLP-1 Loss,182,86268.0,48.6
FUTURE PHARMACY INC,LILIYA FREEMAN,HOWELL,NJ,07731,7324318170,D,Deprioritize,GLP-1 Loss,191,90528.0,48.5
RAMTOWN PHARMACY CORP,KOMAL BAJWA,HOWELL,NJ,07731,7328403100,D,Deprioritize,GLP-1 Loss,191,90528.0,48.5
HOWELL PHARMACY INC,DANIEL KOGAN,HOWELL,NJ,07731,7324266898,D,Deprioritize,GLP-1 Loss,191,90528.0,48.5
"M & R DRUGSTORE, INC.",MONA SALAMA,HOWELL,NJ,07731,7327859711,D,Deprioritize,GLP-1 Loss,191,90528.0,48.5
RAMS PHARMACY INC,KEYUR SHAH,HOWELL,NJ,07731,7328403100,D,Deprioritize,GLP-1 Loss,191,90528.0,48.5
T & F DRUGS INC,FRANCISCO MARCOS,WYCKOFF,NJ,07481,2018910822,D,Deprioritize,GLP-1 Loss,191,90528.0,48.5
ALLWOOD PHARMACY INC,GERALD CIOCE,CLIFTON,NJ,07012,9737792284,D,Deprioritize,GLP-1 Loss,186,88164.0,48.4
WHP PHARMA LLC,KHAWAR MALIK,STRATFORD,NJ,08084,8563091212,D,Deprioritize,GLP-1 Loss,188,89112.0,48.4
"GUS PHARMACY, LLC",KONSTANTINOS TZAFEROS,STRATFORD,NJ,08084,8563463535,D,Deprioritize,GLP-1 Loss,188,89112.0,48.4
JIN PHARMACY LLC,YOUJIN HWANG,PALISADES PARK,NJ,07650,2014292551,D,Deprioritize,GLP-1 Loss,191,90528.0,48.3
PINE PLAZA PHARMACY LLC,ANTHONY COLASANTI,PALISADES PARK,NJ,07650,2016043642,D,Deprioritize,GLP-1 Loss,191,90528.0,48.3
SG PHARMACY INC,SEUNGKYU GIM,PALISADES PARK,NJ,07650,2013004767,D,Deprioritize,GLP-1 Loss,191,90528.0,48.3
BROAD PHARMACY 1 LLC,YOUNG KANG,PALISADES PARK,NJ,07650,2013130111,D,Deprioritize,GLP-1 Loss,191,90528.0,48.3
DREAM DRUGS INC.,BILLY KIM,PALISADES PARK,NJ,07650,2013679595,D,Deprioritize,GLP-1 Loss,191,90528.0,48.3
ADAMS PHARMACY LLC,MOSTAFA ABDELAZIM,MORRIS PLAINS,NJ,07950,9739391696,D,Deprioritize,GLP-1 Loss,186,88164.0,48.3
A2Z RX LLC,ATTAUR REHMAN,LAKE HIAWATHA,NJ,07034,9737752778,D,Deprioritize,GLP-1 Loss,186,88164.0,48.2
NEW BERGENFIELD PHARMACY INC,FAIZAN NAWAZ,BERGENFIELD,NJ,07621,2013756844,D,Deprioritize,GLP-1 Loss,192,91008.0,48.2
BRIGHT ST. PHARMACY & MINI MARKET LLC,AATIKA CHAUDHRY,JERSEY CITY,NJ,07306,2013339900,D,Deprioritize,GLP-1 Loss,187,88632.0,48.1
CURE PHARMACY INC,ABDUL REHMAN,JERSEY CITY,NJ,07306,2013603656,D,Deprioritize,GLP-1 Loss,187,88632.0,48.1
EMPIRE HEALTH PHARMACY LLC,MENA FADEL,JERSEY CITY,NJ,07306,2012660901,D,Deprioritize,GLP-1 Loss,187,88632.0,48.1
EXCEL PHARMACY INC,KATHLYN SAMBAT,JERSEY CITY,NJ,07306,2012395800,D,Deprioritize,GLP-1 Loss,187,88632.0,48.1
PRESCRIPTION SHOPPE LLC,MARIEL MANUEL,JERSEY CITY,NJ,07306,2013600600,D,Deprioritize,GLP-1 Loss,187,88632.0,48.1
RX PHARMACY LLC,MARIO ATTIA,JERSEY CITY,NJ,07306,2013600915,D,Deprioritize,GLP-1 Loss,187,88632.0,48.1
SAI GAYATHRI PHARMACY LLC,RAJASEKHAR KANTAMNENI,JERSEY CITY,NJ,07306,2013603656,D,Deprioritize,GLP-1 Loss,187,88632.0,48.1
SHREEJI'S PHARMA CORP,SANGAT KOTAK,JERSEY CITY,NJ,07306,2012413333,D,Deprioritize,GLP-1 Loss,187,88632.0,48.1
SIP PHARMACY,ANUSH AMIN,JERSEY CITY,NJ,07306,2012225452,D,Deprioritize,GLP-1 Loss,187,88632.0,48.1
THE SQUARE PHARMACY RX CORP,ABDULLAH KHAN,JERSEY CITY,NJ,07306,2014317717,D,Deprioritize,GLP-1 Loss,187,88632.0,48.1
TRUE SCRIPT CORP,AMIT MANGROLIYA,JERSEY CITY,NJ,07306,2014514944,D,Deprioritize,GLP-1 Loss,187,88632.0,48.1
UPTOWN PHARMACY LLC,GEORGE FAKHOURI,JERSEY CITY,NJ,07306,2013600772,D,Deprioritize,GLP-1 Loss,187,88632.0,48.1
VALERYS PHARMACY LLC,VALERIE ORTIZ,JERSEY CITY,NJ,07306,2019842180,D,Deprioritize,GLP-1 Loss,187,88632.0,48.1
WILLOW AVE PHARMACY LLC,SNEHAL SHAH,JERSEY CITY,NJ,07306,2014182830,D,Deprioritize,GLP-1 Loss,187,88632.0,48.1
ASGHAR INC,MUHAMMAD ASGHAR,JERSEY CITY,NJ,07306,2013329333,D,Deprioritize,GLP-1 Loss,187,88632.0,48.1
CITY CARE PHARMACY,FADY KONDS,JERSEY CITY,NJ,07306,2013099900,D,Deprioritize,GLP-1 Loss,187,88632.0,48.1
HEALTHY LIVING RX LLC,OSAMA SWATI,JERSEY CITY,NJ,07306,2012003866,D,Deprioritize,GLP-1 Loss,187,88632.0,48.1
HERBERTS DRUG & SURGICAL SALES CORP,THOMAS KIM,JERSEY CITY,NJ,07306,2013337250,D,Deprioritize,GLP-1 Loss,187,88632.0,48.1
J & R DRUG INC,JITENDRA PATEL,JERSEY CITY,NJ,07306,2013330100,D,Deprioritize,GLP-1 Loss,187,88632.0,48.1
JERSEY MEDS PHARMACY INC,YAMEN SHEHADEH,JERSEY CITY,NJ,07306,2016681040,D,Deprioritize,GLP-1 Loss,187,88632.0,48.1
LIFE CARE PHARMACY,UZAIR CHACHAR,JERSEY CITY,NJ,07306,2014251187,D,Deprioritize,GLP-1 Loss,187,88632.0,48.1
NOBLE PHARMACY MT CO,SAIF TITI,JERSEY CITY,NJ,07306,2016045811,D,Deprioritize,GLP-1 Loss,187,88632.0,48.1
NOBLE RX PHARMACY LLC,EDWARD MOSSAD,JERSEY CITY,NJ,07306,2016045814,D,Deprioritize,GLP-1 Loss,187,88632.0,48.1
RE PHARMACY LLC,RASHA AGAIBI,JERSEY CITY,NJ,07306,2012222721,D,Deprioritize,GLP-1 Loss,187,88632.0,48.1
RELIANCE PHARMA INC,MENA SAND,JERSEY CITY,NJ,07306,2012413333,D,Deprioritize,GLP-1 Loss,187,88632.0,48.1
SLC PHARMACY INC,MARIO GERGES,JERSEY CITY,NJ,07306,2016534093,D,Deprioritize,GLP-1 Loss,187,88632.0,48.1
ST ANDREW PHARMACY LLC,ALEXANDER GOLAS,JERSEY CITY,NJ,07306,2013569132,D,Deprioritize,GLP-1 Loss,187,88632.0,48.1
ST MARY & ST MOSES PHARMACY,NADY AZER,JERSEY CITY,NJ,07306,2017929881,D,Deprioritize,GLP-1 Loss,187,88632.0,48.1
TESH II LLC,MOHAMED SOLAIMAN,JERSEY CITY,NJ,07306,2013243900,D,Deprioritize,GLP-1 Loss,187,88632.0,48.1
THE SQUARE PHARMACY LLC,SHAIRYAR KHANKHELL,JERSEY CITY,NJ,07306,2014317717,D,Deprioritize,GLP-1 Loss,187,88632.0,48.1
HANA HEALTHMART PHARMACY CORP.,MYEONGHA JO,LEONIA,NJ,07605,2015929888,D,Deprioritize,GLP-1 Loss,191,90528.0,48.1
"RONETCO SUPERMARKETS, INC",MELISSA FIGUEROA RIVERA,FLANDERS,NJ,07836,9732521940,D,Deprioritize,GLP-1 Loss,185,87696.0,48.1
ACCREDO HEALTH GROUP INC,VIC PERINI,PINE BROOK,NJ,07058,9732760794,D,Deprioritize,GLP-1 Loss,186,88164.0,48.0
HOMECARE RX INC.,DHARA PATEL,PINE BROOK,NJ,07058,8779202090,D,Deprioritize,GLP-1 Loss,186,88164.0,48.0
HOMECARE RX INC.,DHARA PATEL,PINE BROOK,NJ,07058,8779202090,D,Deprioritize,GLP-1 Loss,186,88164.0,48.0
MAPLEWOOD VILLAGE PHARMACY LLC,MINA GIRGIS,MAPLEWOOD,NJ,07040,7322340050,D,Deprioritize,GLP-1 Loss,177,83904.0,47.9
TOPF'S MAPLEWOOD PHARMACY,GANGEYA DAVE,MAPLEWOOD,NJ,07040,9737623481,D,Deprioritize,GLP-1 Loss,177,83904.0,47.9
VAKIL APOTHECARY INC,ALKA VAKIL,MAPLEWOOD,NJ,07040,9737635252,D,Deprioritize,GLP-1 Loss,177,83904.0,47.9
SOUTH BRUNSWICK PHARMACY INC,AQEEL SHAHID,DAYTON,NJ,08810,7329977707,D,Deprioritize,GLP-1 Loss,179,84840.0,47.6
FANWOOD RX CORP,MITUL PATEL,FANWOOD,NJ,07023,9086806936,D,Deprioritize,GLP-1 Loss,184,87216.0,47.6
MEMORIAL SLOAN KETTERING CANCER CENTER,SUSAN MURILLO,MONTVALE,NJ,07645,2017757055,D,Deprioritize,GLP-1 Loss,190,90060.0,47.5
EMED PHARMACY CORP.,BENJAMIN PINHASOV,SECAUCUS,NJ,07094,2012934389,D,Deprioritize,GLP-1 Loss,183,86736.0,47.4
GERARD A MARRA SR INC,JOSEPH MARRA,SECAUCUS,NJ,07094,2018653540,D,Deprioritize,GLP-1 Loss,183,86736.0,47.4
LEWIS DRUGS INC,KENNETH WOHL,WESTWOOD,NJ,07675,2016640606,D,Deprioritize,GLP-1 Loss,190,90060.0,47.4
GET RX HELP LLC,JOHN DIOMEDE,RIVER VALE,NJ,07675,2066666100,D,Deprioritize,GLP-1 Loss,190,90060.0,47.4
RIVER VALE PHARMACY INC,EDITH CHIU,RIVERVALE,NJ,07675,2016645553,D,Deprioritize,GLP-1 Loss,190,90060.0,47.4
"CLINTON PHARMACY, INC",HAFIZ REHMAN,CLINTON,NJ,08809,9087355316,D,Deprioritize,GLP-1 Loss,179,84840.0,47.2
WILLIAM R CALABRESE INC,WILLIAM CALABRESE,SOUTH ORANGE,NJ,07079,9737637277,D,Deprioritize,GLP-1 Loss,177,83904.0,47.1
DRUGMASTERS L.L.C,JOHN LEE,GARFIELD,NJ,07026,8622259422,D,Deprioritize,GLP-1 Loss,195,92424.0,47.0
YPC CORP,YOUSUF MUNNAN UR REHMAN,GARFIELD,NJ,07026,9737795951,D,Deprioritize,GLP-1 Loss,195,92424.0,47.0
LODIRX LLC,ANTHONY SADEK,LODI,NJ,07644,9739253350,D,Deprioritize,GLP-1 Loss,195,92424.0,47.0
MG RX LLC,BASSEM GHOBRIAL,LODI,NJ,07644,2015778486,D,Deprioritize,GLP-1 Loss,195,92424.0,47.0
RIZZO'S PHARMACY,PHILLIP RIZZO,LODI,NJ,07644,2014736141,D,Deprioritize,GLP-1 Loss,195,92424.0,47.0
295 CENTRAL AVE LLC,DIPAK SHAH,JERSEY CITY,NJ,07307,2016531200,D,Deprioritize,GLP-1 Loss,184,87216.0,46.8
HEIGHTS PHARMACY CORPORATION,AMNA ZIA,JERSEY CITY,NJ,07307,2012221777,D,Deprioritize,GLP-1 Loss,184,87216.0,46.8
HEIGHTS PHARMACY CORPORATION,AMNA ZIA,JERSEY CITY,NJ,07307,2012221777,D,Deprioritize,GLP-1 Loss,184,87216.0,46.8
JERSEY APOTHECARY INC,DAVE TAN,JERSEY CITY,NJ,07307,2016564392,D,Deprioritize,GLP-1 Loss,184,87216.0,46.8
VITALIS DRUGS LLC,ASHRAF ASHAMALLA,JERSEY CITY,NJ,07307,2012221800,D,Deprioritize,GLP-1 Loss,184,87216.0,46.8
DIFFERX PHARMACY LLC,JUSTIN HUYNH,JERSEY CITY,NJ,07307,2017162568,D,Deprioritize,GLP-1 Loss,184,87216.0,46.8
DVB INC,ALEX VENIDIS,RIDGEFIELD PARK,NJ,07660,2016410407,D,Deprioritize,GLP-1 Loss,194,91956.0,46.8
"PROBENE Q, LLC",WON KYU SHON,RIDGEFIELD PARK,NJ,07660,2012250057,D,Deprioritize,GLP-1 Loss,194,91956.0,46.8
URGENT CARE PHARMACY LLC,AHSAN MALIK,RIDGEFIELD PARK,NJ,07660,9089970313,D,Deprioritize,GLP-1 Loss,194,91956.0,46.8
FAIRLAWN PHARMACY LIMITED LIABILITY COMPANY,ALEX BEDA,FAIR LAWN,NJ,07410,2017736090,D,Deprioritize,GLP-1 Loss,188,89112.0,46.7
GARDEN PHARMACY INC,INNA SHAFIR,FAIR LAWN,NJ,07410,2017976888,D,Deprioritize,GLP-1 Loss,188,89112.0,46.7
MILLSTONE PHARMACY LLC,SUSAN CANTAGALLO,PERRINEVILLE,NJ,08535,9086928010,D,Deprioritize,GLP-1 Loss,186,88164.0,46.4
VBS RX LLC,KARUNAKAR BHUPATHI,BELFORD,NJ,07718,7324719100,D,Deprioritize,GLP-1 Loss,186,88164.0,46.3
AVA ANTHONY LLC,MARIAM HENRY,NORTH ARLINGTON,NJ,07031,2012790200,D,Deprioritize,GLP-1 Loss,187,88632.0,46.1
MH RX LLC,RANIA MOSAED,NORTH ARLINGTON,NJ,07031,2013017570,D,Deprioritize,GLP-1 Loss,187,88632.0,46.1
RIDGE PHARMACY LLC,SHERIF HAMODA,NORTH ARLINGTON,NJ,07031,2014289119,D,Deprioritize,GLP-1 Loss,187,88632.0,46.1
RN PHARM LLC,HANAN ALI,NORTH ARLINGTON,NJ,07031,2014289119,D,Deprioritize,GLP-1 Loss,187,88632.0,46.1
PAAVAN HEALTHCARE LLC,NUTAN VISAWADYA,OAKLAND,NJ,07436,2013377300,D,Deprioritize,GLP-1 Loss,187,88632.0,46.0
KRISHNA PHARMACY INC,NARESH KANANI,WALDWICK,NJ,07463,2014451100,D,Deprioritize,GLP-1 Loss,187,88632.0,45.9
PATIENT FRIENDLY SPECIALTY PHARMACY -PFSP,JESSE GUTTMAN,MONTCLAIR,NJ,07043,9086660333,D,Deprioritize,GLP-1 Loss,177,83904.0,45.7
MONTCLAIR PHARMACY RX LLC,HEMA PATEL,UPPER MONTCLAIR,NJ,07043,9737442113,D,Deprioritize,GLP-1 Loss,177,83904.0,45.7
MONTCLAIR PHARMACY RX LLC,HEMA PATEL,UPPER MONTCLAIR,NJ,07043,9737442113,D,Deprioritize,GLP-1 Loss,177,83904.0,45.7
MARONE LTD,VINCENT MARONE,GLASSBORO,NJ,08028,8568815121,D,Deprioritize,GLP-1 Loss,186,88164.0,45.4
INNOVARX INC,ALEXANDRA NISSENGOLTS,MORGANVILLE,NJ,07751,7324905216,D,Deprioritize,GLP-1 Loss,183,86736.0,45.3
SANTE PRINCETON LLC,KHAWAR MALIK,PRINCETON,NJ,08542,6099218820,D,Deprioritize,GLP-1 Loss,174,82476.0,45.3
"IMPRIMISRX NJ, LLC",ANDREW BOLL,LEDGEWOOD,NJ,07852,8444466979,D,Deprioritize,GLP-1 Loss,182,86268.0,45.1
WEDGEWOOD PHARMACY LLC,ALEJANDRO BERNAL-ANGEL,SWEDESBORO,NJ,08085,8003318272,D,Deprioritize,GLP-1 Loss,189,89592.0,44.7
"CENTER SQUARE PLAZA SUPERMARKET, LLC",MELISSA FIGUEROA RIVERA,WOOLWICH TOWNSHIP,NJ,08085,8566276501,D,Deprioritize,GLP-1 Loss,189,89592.0,44.7
WELLNESS SUPERMARKET & PHARMACY,TUHINA PATEL,HARRISON,NJ,07029,9739006985,D,Deprioritize,GLP-1 Loss,179,84840.0,44.5
PHARMACY PLUS & SURGICAL SUPPLIES LLC,KHALID BADER,HARRISON,NJ,07029,9739009275,D,Deprioritize,GLP-1 Loss,179,84840.0,44.5
"GDN PHARMACY, LLC",GREGG NEGRINI,ORADELL,NJ,07649,2012621800,D,Deprioritize,GLP-1 Loss,184,87216.0,44.4
TIFFANY NATURAL PHARMACY INC,BRIAN PINTO,WESTFIELD,NJ,07090,9082332200,D,Deprioritize,GLP-1 Loss,181,85800.0,44.3
BARONS PHARMACY LLC,KUDRAT GOSWAMI,WESTFIELD,NJ,07090,9082326680,D,Deprioritize,GLP-1 Loss,181,85800.0,44.3
MENLO PHARMA INC,DABEERUDDIN KHAJA,WESTFIELD,NJ,07090,9082648910,D,Deprioritize,GLP-1 Loss,181,85800.0,44.3
LISS MEDICAL ARTS PHARMACY & SURGICAL INC.,KUNAL SHAH,SUMMIT,NJ,07901,9085220111,D,Deprioritize,GLP-1 Loss,179,84840.0,43.9
CARECENTER PHARMACY LLC,SUSAN COLBERT,WEEHAWKEN,NJ,07086,2013308147,D,Deprioritize,GLP-1 Loss,177,83904.0,43.5
PHOENIX SPECIALTY PHARMACY CORP,NATAVAN NASIROV,WEEHAWKEN,NJ,07086,2014533114,D,Deprioritize,GLP-1 Loss,177,83904.0,43.5
H & A LLC,SYED HUSSAINI,WEEHAWKEN,NJ,07086,2015529500,D,Deprioritize,GLP-1 Loss,177,83904.0,43.5
HEALTHY LIVING AT 140 LLC,AMIRA MEKHAIL,RANDOLPH,NJ,07869,9736209544,D,Deprioritize,GLP-1 Loss,178,84372.0,43.4
MORRIS COUNTY DRUGS INC,FRED HECHT,RANDOLPH,NJ,07869,9733615150,D,Deprioritize,GLP-1 Loss,178,84372.0,43.4
A COPPOLA ASSOCIATES INC,TONY COPPOLA,HOPATCONG,NJ,07843,9733986066,D,Deprioritize,GLP-1 Loss,184,87216.0,43.2
"DGN PHARMACY, INC",LAWRENCE MARGOLIS,EAST RUTHERFORD,NJ,07073,2014307300,D,Deprioritize,GLP-1 Loss,184,87216.0,43.0
CLOSTER PHARMACY INC,DAVID YOON,CLOSTER,NJ,07624,5512362930,D,Deprioritize,GLP-1 Loss,181,85800.0,41.9
"RONETCO SUPERMARKETS, INC",MELISSA FIGUEROA RIVERA,SPARTA,NJ,07871,9739278300,D,Deprioritize,GLP-1 Loss,181,85800.0,41.7
SPARTA PHARMACY,SHARAD PATEL,SPARTA,NJ,07871,9735123131,D,Deprioritize,GLP-1 Loss,181,85800.0,41.7
IANNARONE INC,FRANK IANNARONE III,MADISON,NJ,07940,9733770075,D,Deprioritize,GLP-1 Loss,176,83424.0,40.9
IANNARONE INC,FRANK IANNARONE,MADISON,NJ,07940,9733770075,D,Deprioritize,GLP-1 Loss,176,83424.0,40.9
DREAM GLOBAL INC,BILLY KIM,EDGEWATER,NJ,07020,2013004111,D,Deprioritize,GLP-1 Loss,179,84840.0,40.4
FRANKLYN PHARMACY,FRANK DECANDIA,HO HO KUS,NJ,07423,2014445550,D,Deprioritize,GLP-1 Loss,180,85320.0,40.4
T & F DRUGS INC,FRANCISCO MARCOS,HO HO KUS,NJ,07423,2014442026,D,Deprioritize,GLP-1 Loss,180,85320.0,40.4
SARAH S PHARMACY,NASSER AYOUB,TENAFLY,NJ,07670,2013106779,D,Deprioritize,GLP-1 Loss,178,84372.0,39.5
"GRM PHARMACY, LLC",NICHOLAS KARALIS,GLEN ROCK,NJ,07452,2014443200,D,Deprioritize,GLP-1 Loss,177,83904.0,39.3
"GRM PHARMACY, LLC",NICHOLAS KARALIS,GLEN ROCK,NJ,07452,2014443200,D,Deprioritize,GLP-1 Loss,177,83904.0,39.3
KYJS INC,AKOS SPIGNER,GLEN ROCK,NJ,07452,2016529282,D,Deprioritize,GLP-1 Loss,177,83904.0,39.3
ABD RXCARE INC,DEEPALAKSHMI VENKATACHALA ADIGA,JERSEY CITY,NJ,07302,2014358112,D,Deprioritize,GLP-1 Loss,167,79152.0,36.1
CENTRAL RX & SURGICALS INC,ARFAN MAHMOOD,JERSEY CITY,NJ,07302,2018761100,D,Deprioritize,GLP-1 Loss,167,79152.0,36.1
FRIENDLY RXGS,VICTOR CHU,JERSEY CITY,NJ,07302,2013336990,D,Deprioritize,GLP-1 Loss,167,79152.0,36.1
HOOK PHARMACY,BELLANDE JEAN-BAPTISTE,JERSEY CITY,NJ,07302,2013335189,D,Deprioritize,GLP-1 Loss,167,79152.0,36.1
RANCH HEALTH JERSEY CITY LLC,CECILIA WONG,JERSEY CITY,NJ,07302,9083259084,D,Deprioritize,GLP-1 Loss,167,79152.0,36.1
RANCH HEALTH JERSEY CITY LLC,LONG CHAO,JERSEY CITY,NJ,07302,9083259084,D,Deprioritize,GLP-1 Loss,167,79152.0,36.1
SAP PHARMACY MANAGEMENT SERVICES LLC,S DERRICK,JERSEY CITY,NJ,07302,5512009680,D,Deprioritize,GLP-1 Loss,167,79152.0,36.1
ST KEROLLOS PHARMACY INC.,NICOLE MARTINEZ,JERSEY CITY,NJ,07302,2019840566,D,Deprioritize,GLP-1 Loss,167,79152.0,36.1
TOM CAT BEN CORP,THOMAS BENDER,JERSEY CITY,NJ,07302,2016538378,D,Deprioritize,GLP-1 Loss,167,79152.0,36.1
"LSC PHARMACY SERVICES, INC.",SHAWN LYNCH,JERSEY CITY,NJ,07302,2019152166,D,Deprioritize,GLP-1 Loss,167,79152.0,36.1
NEWPORT PHARMACEUTICAL SERVICES INC,VICTOR MOSQUERA,JERSEY CITY,NJ,07302,2019631903,D,Deprioritize,GLP-1 Loss,167,79152.0,36.1
NORMANS PHARMACY INC,DUSHYANT DESAI,JERSEY CITY,NJ,07302,2014358112,D,Deprioritize,GLP-1 Loss,167,79152.0,36.1
SLM PHARMACY INC,ANDREW HANNA,JERSEY CITY,NJ,07302,2016538378,D,Deprioritize,GLP-1 Loss,167,79152.0,36.1
PINKS DRUG AND SURGICAL COMPANY INC,ROBERT SCHNEIDERMAN,MOUNT FREEDOM,NJ,07970,9738954900,D,Deprioritize,GLP-1 Loss,163,77256.0,35.6
ALBINI PHARMACY INC,RANIA ABDULKADER,HOBOKEN,NJ,07030,2017985245,D,Deprioritize,GLP-1 Loss,164,77736.0,35.0
MEDICINE MAN RX LLC,PANKIT SUTARIA,HOBOKEN,NJ,07030,2019429777,D,Deprioritize,GLP-1 Loss,164,77736.0,35.0
ST. PETER'S PHARMACY & DRUGS LLC,WAEL ISAAC,HOBOKEN,NJ,07030,2016598492,D,Deprioritize,GLP-1 Loss,164,77736.0,35.0
AVON RX INC,ASHRAF ASHAMALLA,HOBOKEN,NJ,07030,2014208300,D,Deprioritize,GLP-1 Loss,164,77736.0,35.0
HEALTH FAIR RX INC,VIJAY BANDLA,HOBOKEN,NJ,07030,2012226968,D,Deprioritize,GLP-1 Loss,164,77736.0,35.0
MODERN RX LIMITED LIABILITY COMPANY,KLARA REIZIS,HOBOKEN,NJ,07030,2014209000,D,Deprioritize,GLP-1 Loss,164,77736.0,35.0
